{
   "report": "analysis",
   "version": "1.4",
   "productVersion": "21.0.0.4",
   "productRelease": "21.0.0.4",
   "buildID": "v20211110_0002",
   "options": [
      "--sourceAppServer=was855",
      "--sourceJava=ibm6",
      "--targetAppServer=was855",
      "--targetJava=ibm8",
      "--targetCloud=containers",
      "--includeHelpLocation",
      "--maxUserDefinedRuleResults=100",
      "--userRuleLocation=/home/ibmdemo/Downloads/transformationadvisor-3.0.0/conf/userDefinedRules"
   ],
   "totalRulesFlagged": 14,
   "filesAffected": 29,
   "totalResults": 52,
   "severitySummary": [
      {
         "severity": "Warning",
         "severityId": "warning",
         "totalRulesFlagged": 10,
         "totalResults": 42
      },
      {
         "severity": "Information",
         "severityId": "info",
         "totalRulesFlagged": 4,
         "totalResults": 10
      }
   ],
   "applications": [
      "/usr/IBM/WAS855ND/profiles/Dmgr01/config/cells/Default01Cell/applications/DayTrader 2.1.ear/DayTrader 2.1.ear"
   ],
   "rules": [
      {
         "ruleName": "Behavior change in month name formatting for some languages",
         "ruleId": "MonthFormattingNames",
         "ruleHelpLocation": "/ruleinfo/appconversion/jre/180/JRE8MonthFormattingNames.html",
         "devCost": "0",
         "instanceCost": "0",
         "severity": "Information",
         "severityId": "info",
         "category": "Java SE version migration / Java SE 8 compatibility impacts",
         "categoryId": "appconversion.jre.category / appconversion.jre.180.category",
         "totalResults": 2,
         "results": [
            {
               "fileName": "DayTrader 2.1.ear/streamer.jar/org/apache/geronimo/samples/daytrader/client/TradeQuoteAuditStats.class",
               "details": [
                  {
                     "reference": "Method getValueAt",
                     "match": "java.text.DateFormat.format(*)",
                     "lineNumber": 191
                  }
               ]
            },
            {
               "fileName": "DayTrader 2.1.ear/web.war/WEB-INF/lib/standard-1.1.1.jar/org/apache/taglibs/standard/tag/common/fmt/FormatDateSupport.class",
               "details": [
                  {
                     "reference": "Method doEndTag",
                     "match": "java.text.DateFormat.format(*)",
                     "lineNumber": 155
                  }
               ]
            }
         ]
      },
      {
         "ruleName": "Behavior change in rounding in NumberFormat and DecimalFormat format methods",
         "ruleId": "NumberFormatRounding",
         "ruleHelpLocation": "/ruleinfo/appconversion/jre/180/JRE8NumberFormatRounding.html",
         "devCost": "0",
         "instanceCost": "0",
         "severity": "Information",
         "severityId": "info",
         "category": "Java SE version migration / Java SE 8 compatibility impacts",
         "categoryId": "appconversion.jre.category / appconversion.jre.180.category",
         "totalResults": 5,
         "results": [
            {
               "fileName": "DayTrader 2.1.ear/streamer.jar/org/apache/geronimo/samples/daytrader/client/ChangeRenderer.class",
               "details": [
                  {
                     "reference": "Method getTableCellRendererComponent",
                     "match": "java.text.NumberFormat.format(double)",
                     "lineNumber": 31
                  }
               ]
            },
            {
               "fileName": "DayTrader 2.1.ear/streamer.jar/org/apache/geronimo/samples/daytrader/client/TradeQuoteAuditStats.class",
               "details": [
                  {
                     "reference": "Method getValueAt",
                     "match": "java.text.NumberFormat.format(double)",
                     "lineNumber": 171
                  },
                  {
                     "reference": "Method getValueAt",
                     "match": "java.text.NumberFormat.format(double)",
                     "lineNumber": 180
                  },
                  {
                     "reference": "Method getValueAt",
                     "match": "java.text.NumberFormat.format(double)",
                     "lineNumber": 183
                  },
                  {
                     "reference": "Method getValueAt",
                     "match": "java.text.NumberFormat.format(double)",
                     "lineNumber": 186
                  }
               ]
            }
         ]
      },
      {
         "ruleName": "Check for a behavior change for URLConnection, HttpURLConnection getInputStream method",
         "ruleId": "JREUrlConnectionGetInputStream",
         "ruleHelpLocation": "/ruleinfo/appconversion/jre/170/JREUrlConnectionGetInputStream.html",
         "devCost": "0",
         "instanceCost": "0",
         "severity": "Information",
         "severityId": "info",
         "category": "Java SE version migration / Java SE 7 compatibility impacts",
         "categoryId": "appconversion.jre.category / appconversion.jre.170.category",
         "totalResults": 1,
         "results": [
            {
               "fileName": "DayTrader 2.1.ear/web.war/WEB-INF/lib/standard-1.1.1.jar/org/apache/taglibs/standard/tag/common/core/ImportSupport.class",
               "details": [
                  {
                     "reference": "Method acquireReader",
                     "match": "java.net.URLConnection.getInputStream(*)",
                     "lineNumber": 331
                  }
               ]
            }
         ]
      },
      {
         "ruleName": "Check for a behavior change on Locale getDefault method",
         "ruleId": "JRELocaleGetDefault",
         "ruleHelpLocation": "/ruleinfo/appconversion/jre/170/JRELocaleGetDefault.html",
         "devCost": "0",
         "instanceCost": "0",
         "severity": "Information",
         "severityId": "info",
         "category": "Java SE version migration / Java SE 7 compatibility impacts",
         "categoryId": "appconversion.jre.category / appconversion.jre.170.category",
         "totalResults": 2,
         "results": [
            {
               "fileName": "DayTrader 2.1.ear/web.war/WEB-INF/lib/standard-1.1.1.jar/org/apache/taglibs/standard/tag/common/fmt/SetLocaleSupport.class",
               "details": [
                  {
                     "reference": "Method doEndTag",
                     "match": "java.util.Locale.getDefault(*)",
                     "lineNumber": 96
                  },
                  {
                     "reference": "Method doEndTag",
                     "match": "java.util.Locale.getDefault(*)",
                     "lineNumber": 99
                  }
               ]
            }
         ]
      },
      {
         "ruleName": "Check for new methods on JDBC interfaces",
         "ruleId": "JREJdbcInterfaceNewMethods",
         "ruleHelpLocation": "/ruleinfo/appconversion/jre/170/JREJdbcInterfaceNewMethods.html",
         "devCost": "0",
         "instanceCost": "0",
         "severity": "Warning",
         "severityId": "warning",
         "category": "Java SE version migration / Java SE 7 compatibility impacts",
         "categoryId": "appconversion.jre.category / appconversion.jre.170.category",
         "totalResults": 1,
         "results": [
            {
               "fileName": "DayTrader 2.1.ear/web.war/WEB-INF/lib/standard-1.1.1.jar/org/apache/taglibs/standard/tag/common/sql/DataSourceWrapper.class",
               "details": [
                  {
                     "reference": "Class implements",
                     "match": "javax.sql.DataSource: Missing method getParentLogger(*)",
                     "lineNumber": 0
                  }
               ]
            }
         ]
      },
      {
         "ruleName": "Databases",
         "ruleId": "JavaxPersistenceRule",
         "ruleHelpLocation": "/ruleinfo/appmigration/cloud/Databases.html",
         "devCost": "0",
         "instanceCost": "0",
         "severity": "Warning",
         "severityId": "warning",
         "category": "Technology connectivity considerations for IBM Cloud",
         "categoryId": "appconversion.cloud.category.technology.connectivity",
         "totalResults": 5,
         "results": [
            {
               "fileName": "DayTrader 2.1.ear/dt-ejb.jar/org/apache/geronimo/samples/daytrader/AccountDataBean.class",
               "details": [
                  {
                     "reference": "Class annotation",
                     "match": "javax.persistence",
                     "lineNumber": 0
                  },
                  {
                     "reference": "Method login",
                     "match": "java.sql",
                     "lineNumber": 275
                  }
               ]
            },
            {
               "fileName": "DayTrader 2.1.ear/web.war/WEB-INF/classes/org/apache/geronimo/samples/daytrader/web/prims/PingServlet2JNDI.class",
               "details": [
                  {
                     "reference": "Method doGet",
                     "match": "javax.sql",
                     "lineNumber": 71
                  }
               ]
            },
            {
               "fileName": "DayTrader 2.1.ear/web.war/WEB-INF/classes/org/apache/geronimo/samples/daytrader/web/prims/ejb3/PingServlet2Entity.class",
               "details": [
                  {
                     "reference": "Field annotation em",
                     "match": "javax.persistence",
                     "lineNumber": 0
                  }
               ]
            },
            {
               "fileName": "DayTrader 2.1.ear/web.war/WEB-INF/lib/standard-1.1.1.jar/org/apache/taglibs/standard/tag/common/sql/DataSourceUtil.class",
               "details": [
                  {
                     "reference": "Method getDataSource",
                     "match": "javax.sql",
                     "lineNumber": 73
                  }
               ]
            }
         ],
         "referencedClasses": [
            {
               "class": "javax.persistence.Column",
               "total": 33
            },
            {
               "class": "javax.persistence.Entity",
               "total": 5
            },
            {
               "class": "javax.persistence.EntityManager",
               "total": 68
            },
            {
               "class": "javax.persistence.FetchType",
               "total": 9
            },
            {
               "class": "javax.persistence.GeneratedValue",
               "total": 3
            },
            {
               "class": "javax.persistence.GenerationType",
               "total": 3
            },
            {
               "class": "javax.persistence.Id",
               "total": 5
            },
            {
               "class": "javax.persistence.JoinColumn",
               "total": 6
            },
            {
               "class": "javax.persistence.ManyToOne",
               "total": 4
            },
            {
               "class": "javax.persistence.NamedNativeQueries",
               "total": 1
            },
            {
               "class": "javax.persistence.NamedNativeQuery",
               "total": 1
            },
            {
               "class": "javax.persistence.NamedQueries",
               "total": 5
            },
            {
               "class": "javax.persistence.NamedQuery",
               "total": 43
            },
            {
               "class": "javax.persistence.OneToMany",
               "total": 2
            },
            {
               "class": "javax.persistence.OneToOne",
               "total": 3
            },
            {
               "class": "javax.persistence.PersistenceContext",
               "total": 2
            },
            {
               "class": "javax.persistence.Query",
               "total": 26
            },
            {
               "class": "javax.persistence.Table",
               "total": 5
            },
            {
               "class": "javax.persistence.TableGenerator",
               "total": 3
            },
            {
               "class": "javax.persistence.Temporal",
               "total": 5
            },
            {
               "class": "javax.persistence.TemporalType",
               "total": 5
            },
            {
               "class": "javax.persistence.Transient",
               "total": 3
            }
         ]
      },
      {
         "ruleName": "Handling application configuration in Docker containers",
         "ruleId": "DetectPropertiesFiles",
         "ruleHelpLocation": "/ruleinfo/appmigration/cloud/DetectPropertiesFiles.html",
         "devCost": "0",
         "instanceCost": "0",
         "severity": "Warning",
         "severityId": "warning",
         "category": "Containers (OpenShift, Kubernetes)",
         "categoryId": "appconversion.cloud.category.docker",
         "totalResults": 3,
         "results": [
            {
               "fileName": "DayTrader 2.1.ear/web.war/WEB-INF/classes/build.properties",
               "details": [
                  {
                     "reference": null,
                     "match": "(.*)?\\.properties",
                     "lineNumber": 0
                  }
               ]
            },
            {
               "fileName": "DayTrader 2.1.ear/web.war/WEB-INF/lib/standard-1.1.1.jar/org/apache/taglibs/standard/lang/jstl/Resources.properties",
               "details": [
                  {
                     "reference": null,
                     "match": "(.*)?\\.properties",
                     "lineNumber": 0
                  }
               ]
            },
            {
               "fileName": "DayTrader 2.1.ear/web.war/WEB-INF/lib/standard-1.1.1.jar/org/apache/taglibs/standard/resources/Resources.properties",
               "details": [
                  {
                     "reference": null,
                     "match": "(.*)?\\.properties",
                     "lineNumber": 0
                  }
               ]
            }
         ]
      },
      {
         "ruleName": "Java Message Service (JMS)",
         "ruleId": "JMSRule",
         "ruleHelpLocation": "/ruleinfo/appmigration/cloud/JMS.html",
         "devCost": "0",
         "instanceCost": "0",
         "severity": "Warning",
         "severityId": "warning",
         "category": "Technology connectivity considerations for IBM Cloud (not Liberty Core)",
         "categoryId": "appconversion.cloud.category.technology.connectivity.noLibertyCore",
         "totalResults": 3,
         "results": [
            {
               "fileName": "DayTrader 2.1.ear/dt-ejb.jar/org/apache/geronimo/samples/daytrader/direct/TradeDirect.class",
               "details": [
                  {
                     "reference": "Field qConnFactory",
                     "match": "javax.jms.ConnectionFactory",
                     "lineNumber": 0
                  }
               ]
            },
            {
               "fileName": "DayTrader 2.1.ear/streamer.jar/org/apache/geronimo/samples/daytrader/client/TradeClientMessageListener.class",
               "details": [
                  {
                     "reference": "Field connFactory",
                     "match": "javax.jms.TopicConnectionFactory",
                     "lineNumber": 0
                  }
               ]
            },
            {
               "fileName": "DayTrader 2.1.ear/web.war/WEB-INF/classes/org/apache/geronimo/samples/daytrader/web/prims/ejb3/PingServlet2MDBQueue.class",
               "details": [
                  {
                     "reference": "Field queueConnectionFactory",
                     "match": "javax.jms.ConnectionFactory",
                     "lineNumber": 0
                  }
               ]
            }
         ]
      },
      {
         "ruleName": "Managing data inside and between Docker containers",
         "ruleId": "FileSystemRule",
         "ruleHelpLocation": "/ruleinfo/appmigration/cloud/FileSystemRule.html",
         "devCost": "0",
         "instanceCost": "0",
         "severity": "Warning",
         "severityId": "warning",
         "category": "Containers (OpenShift, Kubernetes)",
         "categoryId": "appconversion.cloud.category.docker",
         "totalResults": 6,
         "results": [
            {
               "fileName": "DayTrader 2.1.ear/web.war/WEB-INF/lib/standard-1.1.1.jar/org/apache/taglibs/standard/lang/jstl/test/EvaluationTest.class",
               "details": [
                  {
                     "reference": "Method runTests",
                     "match": "java.io.FileOutputStream",
                     "lineNumber": 179
                  },
                  {
                     "reference": "Method runTests",
                     "match": "java.io.FileOutputStream",
                     "lineNumber": 189
                  },
                  {
                     "reference": "Method runTests",
                     "match": "java.io.FileOutputStream",
                     "lineNumber": 198
                  }
               ]
            },
            {
               "fileName": "DayTrader 2.1.ear/web.war/WEB-INF/lib/standard-1.1.1.jar/org/apache/taglibs/standard/lang/jstl/test/ParserTest.class",
               "details": [
                  {
                     "reference": "Method runTests",
                     "match": "java.io.FileOutputStream",
                     "lineNumber": 124
                  },
                  {
                     "reference": "Method runTests",
                     "match": "java.io.FileOutputStream",
                     "lineNumber": 134
                  },
                  {
                     "reference": "Method runTests",
                     "match": "java.io.FileOutputStream",
                     "lineNumber": 143
                  }
               ]
            }
         ]
      },
      {
         "ruleName": "Message-Driven Beans (MDB)",
         "ruleId": "MDBRule",
         "ruleHelpLocation": "/ruleinfo/appmigration/cloud/MDB.html",
         "devCost": "0",
         "instanceCost": "0",
         "severity": "Warning",
         "severityId": "warning",
         "category": "Technology connectivity considerations for IBM Cloud (not Liberty Core)",
         "categoryId": "appconversion.cloud.category.technology.connectivity.noLibertyCore",
         "totalResults": 1,
         "results": [
            {
               "fileName": "DayTrader 2.1.ear/dt-ejb.jar/org/apache/geronimo/samples/daytrader/ejb3/DTBroker3MDB.class",
               "details": [
                  {
                     "reference": "Class annotation",
                     "match": "javax.ejb.ActivationConfigProperty",
                     "lineNumber": 0
                  }
               ]
            }
         ]
      },
      {
         "ruleName": "Remote EJB lookups",
         "ruleId": "RemoteEJBLookupsRule",
         "ruleHelpLocation": "/ruleinfo/appmigration/cloud/RemoteEJBLookups.html",
         "devCost": "0",
         "instanceCost": "0",
         "severity": "Warning",
         "severityId": "warning",
         "category": "Technology connectivity considerations for IBM Cloud (not Liberty Core)",
         "categoryId": "appconversion.cloud.category.technology.connectivity.noLibertyCore",
         "totalResults": 1,
         "results": [
            {
               "fileName": "DayTrader 2.1.ear/web.war/WEB-INF/web.xml",
               "details": [
                  {
                     "reference": null,
                     "match": "home",
                     "lineNumber": 432
                  }
               ]
            }
         ]
      },
      {
         "ruleName": "Remote EJB providers",
         "ruleId": "RemoteEJBProvidersRule",
         "ruleHelpLocation": "/ruleinfo/appmigration/cloud/RemoteEJBProviders.html",
         "devCost": "0",
         "instanceCost": "0",
         "severity": "Warning",
         "severityId": "warning",
         "category": "Technology connectivity considerations for IBM Cloud (not Liberty Core)",
         "categoryId": "appconversion.cloud.category.technology.connectivity.noLibertyCore",
         "totalResults": 1,
         "results": [
            {
               "fileName": "DayTrader 2.1.ear/dt-ejb.jar/org/apache/geronimo/samples/daytrader/ejb3/DirectSLSBRemote.class",
               "details": [
                  {
                     "reference": "Interface annotation",
                     "match": "javax.ejb.Remote",
                     "lineNumber": 0
                  }
               ]
            }
         ]
      },
      {
         "ruleName": "Remote web services",
         "ruleId": "JAXRPCRemoteWebServicesRule",
         "ruleHelpLocation": "/ruleinfo/appmigration/cloud/RemoteWebServices.html",
         "severity": "Warning",
         "severityId": "warning",
         "category": "Technology connectivity considerations for IBM Cloud (WebSphere traditional)",
         "categoryId": "appconversion.cloud.category.technology.connectivity.classic",
         "totalResults": 4,
         "results": [
            {
               "fileName": "DayTrader 2.1.ear/dt-ejb.jar/org/apache/geronimo/samples/daytrader/soap/TradeWebSoapProxy.class",
               "details": [
                  {
                     "reference": "Method getPortFromFactory",
                     "match": "javax.xml.rpc.Service",
                     "lineNumber": 80
                  }
               ]
            },
            {
               "fileName": "DayTrader 2.1.ear/web.war/WEB-INF/ibm-webservicesclient-bnd.xmi",
               "details": [
                  {
                     "reference": null,
                     "match": "(.*/)?WEB-INF/ibm-webservicesclient-(bnd|ext)\\.xmi",
                     "lineNumber": 0
                  }
               ]
            },
            {
               "fileName": "DayTrader 2.1.ear/wsappclient.jar/META-INF/application-client.xml",
               "details": [
                  {
                     "reference": null,
                     "match": "service-ref",
                     "lineNumber": 22
                  }
               ]
            },
            {
               "fileName": "DayTrader 2.1.ear/wsappclient.jar/org/apache/geronimo/samples/daytrader/client/ws/ClientScenario.class",
               "details": [
                  {
                     "reference": "Method getTrade",
                     "match": "javax.xml.rpc.Service",
                     "lineNumber": 151
                  }
               ]
            }
         ]
      },
      {
         "ruleName": "Validate the URL host and port for cloud access",
         "ruleId": "URLRuleDockerCloud",
         "ruleHelpLocation": "/ruleinfo/appmigration/cloud/UrlRule.html",
         "devCost": "0",
         "instanceCost": "0",
         "severity": "Warning",
         "severityId": "warning",
         "category": "Connectivity considerations for IBM Cloud (Containers and Virtual machines)",
         "categoryId": "appconversion.cloud.category.connectivity.dockerAndWASOnCloud",
         "totalResults": 17,
         "results": [
            {
               "fileName": "DayTrader 2.1.ear/dt-ejb.jar",
               "details": [
                  {
                     "reference": "1",
                     "match": "http://localhost:9080/daytrader/services/TradeWSServices",
                     "lineNumber": 0
                  },
                  {
                     "reference": "2",
                     "match": "http://daytrader.samples.geronimo.apache.org",
                     "lineNumber": 0
                  }
               ]
            },
            {
               "fileName": "DayTrader 2.1.ear/web.war",
               "details": [
                  {
                     "reference": "1",
                     "match": "address.location=http://localhost:8080/daytrader/services/TradeWSServices",
                     "lineNumber": 0
                  }
               ]
            },
            {
               "fileName": "DayTrader 2.1.ear/web.war/WEB-INF/lib/standard-1.1.1.jar",
               "details": [
                  {
                     "reference": "1",
                     "match": "http://java.sun.com/jstl",
                     "lineNumber": 0
                  },
                  {
                     "reference": "1",
                     "match": "http://javax.xml.transform.sax.SAXTransformerFactory/feature",
                     "lineNumber": 0
                  },
                  {
                     "reference": "3",
                     "match": "http://java.sun.com/jstl/xpath/app",
                     "lineNumber": 0
                  },
                  {
                     "reference": "3",
                     "match": "http://java.sun.com/jstl/xpath/cookie",
                     "lineNumber": 0
                  },
                  {
                     "reference": "3",
                     "match": "http://java.sun.com/jstl/xpath/header",
                     "lineNumber": 0
                  },
                  {
                     "reference": "3",
                     "match": "http://java.sun.com/jstl/xpath/initParam",
                     "lineNumber": 0
                  },
                  {
                     "reference": "3",
                     "match": "http://java.sun.com/jstl/xpath/page",
                     "lineNumber": 0
                  },
                  {
                     "reference": "3",
                     "match": "http://java.sun.com/jstl/xpath/param",
                     "lineNumber": 0
                  },
                  {
                     "reference": "3",
                     "match": "http://java.sun.com/jstl/xpath/request",
                     "lineNumber": 0
                  },
                  {
                     "reference": "3",
                     "match": "http://java.sun.com/jstl/xpath/session",
                     "lineNumber": 0
                  },
                  {
                     "reference": "7",
                     "match": "http://java.sun.com/JSP/Page",
                     "lineNumber": 0
                  }
               ]
            },
            {
               "fileName": "DayTrader 2.1.ear/wsappclient.jar",
               "details": [
                  {
                     "reference": "1",
                     "match": "address.location=http://localhost:8080/daytrader/services/TradeWSServices",
                     "lineNumber": 0
                  },
                  {
                     "reference": "1",
                     "match": "http://localhost:9080/daytrader/services/TradeWSServices",
                     "lineNumber": 0
                  },
                  {
                     "reference": "2",
                     "match": "http://daytrader.samples.geronimo.apache.org",
                     "lineNumber": 0
                  }
               ]
            }
         ]
      }
   ]
}