{
  "domain": "javaAppServer",
  "middleware": "was",
  "host": "RHEL7WAS2.tec.uk.ibm.com",
  "assessmentUnitName": "DayTrader 2.1.ear",
  "applicationName": "DayTrader 2.1.ear",
  "dcVersion": "3.0.0",
  "collectionUnitType": "profile",
  "collectionUnitName": "Dmgr01",
  "isVirtual": "false",
  "rawDependencies": [
    {
      "domain": "database",
      "middleware": "db2",
      "assessmentUnitName": "${NoTxTradeDataSource_databaseName_1}",
      "applicationName": "${NoTxTradeDataSource_databaseName_1}",
      "collectionUnitType": "instance",
      "isVirtual": "false",
      "identifier": {
        "portNumber": "${NoTxTradeDataSource_portNumber_1}",
        "databaseName": "${NoTxTradeDataSource_databaseName_1}"
      }
    },
    {
      "domain": "database",
      "middleware": "db2",
      "assessmentUnitName": "${TradeDataSource_databaseName_1}",
      "applicationName": "${TradeDataSource_databaseName_1}",
      "collectionUnitType": "instance",
      "isVirtual": "false",
      "identifier": {
        "portNumber": "${TradeDataSource_portNumber_1}",
        "databaseName": "${TradeDataSource_databaseName_1}"
      }
    }
  ],
  "serverXml": {
    "server": {
      "description": "Configuration generated by binaryAppScanner",
      "featureManager": {
        "feature": [
          "ejbLite-3.2",
          "ejbRemote-3.2",
          "jdbc-4.1",
          "jms-2.0",
          "jndi-1.0",
          "jpa-2.1",
          "jsp-2.3",
          "mdb-3.2",
          "servlet-3.1",
          "transportSecurity-1.0",
          "wasJmsClient-2.0",
          "wasJmsServer-1.0"
        ]
      },
      "applicationManager": {
        "autoExpand": true
      },
      "httpEndpoint": {
        "host": "${httpEndpoint_host_1}",
        "httpPort": "${httpEndpoint_port_1}",
        "httpsPort": "${httpEndpoint_secure_port_1}",
        "id": "defaultHttpEndpoint"
      },
      "enterpriseApplication": {
        "location": "DayTrader 2.1.ear",
        "web-ext": {
          "context-root": "/daytrader",
          "moduleName": "web"
        },
        "ejb-jar-bnd": {
          "moduleName": "dt-ejb",
          "message-driven": [
            {
              "name": "DTBroker3MDB",
              "jca-adapter": {
                "activation-spec-auth-alias": "TradeAdminAuthData",
                "activation-spec-binding-name": "eis/TradeBrokerMDB",
                "destination-binding-name": "jms/TradeBrokerQueue"
              }
            },
            {
              "name": "DTStreamer3MDB",
              "jca-adapter": {
                "activation-spec-auth-alias": "TradeAdminAuthData",
                "activation-spec-binding-name": "eis/TradeStreamerMDB",
                "destination-binding-name": "jms/TradeStreamerTopic"
              }
            }
          ]
        }
      },
      "authData": [
        {
          "id": "TradeAdminAuthData",
          "password": "${TradeAdminAuthData_password_1}",
          "user": "${TradeAdminAuthData_user_1}"
        },
        {
          "id": "TradeDataSourceAuthData",
          "password": "${TradeDataSourceAuthData_password_1}",
          "user": "${TradeDataSourceAuthData_user_1}"
        }
      ],
      "jdbcDriver": {
        "id": "DB2_Universal_JDBC_Driver_Provider_Only",
        "library": {
          "file": [
            {
              "name": "/usr/IBM/db2drivers/db2jcc.jar:"
            },
            {
              "name": "/usr/IBM/db2drivers/db2jcc_license_cu.jar"
            }
          ]
        }
      },
      "dataSource": [
        {
          "beginTranForResultSetScrollingAPIs": false,
          "beginTranForVendorAPIs": false,
          "containerAuthDataRef": "TradeDataSourceAuthData",
          "id": "NoTxTradeDataSource",
          "jdbcDriverRef": "DB2_Universal_JDBC_Driver_Provider_Only",
          "jndiName": "jdbc/NoTxTradeDataSource",
          "transactional": false,
          "type": "javax.sql.ConnectionPoolDataSource",
          "properties.db2.jcc": {
            "databaseName": "${NoTxTradeDataSource_databaseName_1}",
            "driverType": 4,
            "portNumber": "${NoTxTradeDataSource_portNumber_1}",
            "retrieveMessagesFromServerOnGetMessage": true,
            "serverName": "${NoTxTradeDataSource_serverName_1}"
          },
          "connectionManager": {
            "connectionTimeout": 180,
            "enableContainerAuthForDirectLookups": true,
            "minPoolSize": 10
          }
        },
        {
          "beginTranForResultSetScrollingAPIs": false,
          "beginTranForVendorAPIs": false,
          "containerAuthDataRef": "TradeDataSourceAuthData",
          "id": "TradeDataSource",
          "jdbcDriverRef": "DB2_Universal_JDBC_Driver_Provider_Only",
          "jndiName": "jdbc/TradeDataSource",
          "statementCacheSize": 60,
          "type": "javax.sql.ConnectionPoolDataSource",
          "properties.db2.jcc": {
            "databaseName": "${TradeDataSource_databaseName_1}",
            "driverType": 4,
            "portNumber": "${TradeDataSource_portNumber_1}",
            "retrieveMessagesFromServerOnGetMessage": true,
            "serverName": "${TradeDataSource_serverName_1}"
          },
          "connectionManager": {
            "connectionTimeout": 180,
            "enableContainerAuthForDirectLookups": true,
            "minPoolSize": 10
          }
        }
      ],
      "jmsQueueConnectionFactory": {
        "containerAuthDataRef": "TradeAdminAuthData",
        "id": "TradeBrokerQCF",
        "jndiName": "jms/TradeBrokerQCF",
        "properties.wasJms": "",
        "connectionManager": {
          "connectionTimeout": 180,
          "enableContainerAuthForDirectLookups": true,
          "maxPoolSize": 10,
          "minPoolSize": 1
        }
      },
      "jmsTopicConnectionFactory": {
        "containerAuthDataRef": "TradeAdminAuthData",
        "id": "TradeStreamerTCF",
        "jndiName": "jms/TradeStreamerTCF",
        "properties.wasJms": "",
        "connectionManager": {
          "connectionTimeout": 180,
          "enableContainerAuthForDirectLookups": true,
          "maxPoolSize": 10,
          "minPoolSize": 1
        }
      },
      "messagingEngine": {
        "queue": {
          "id": "TradeBrokerJSD"
        },
        "topicSpace": {
          "id": "Trade.Topic.Space"
        }
      },
      "jmsQueue": {
        "id": "TradeBrokerQueue",
        "jndiName": "jms/TradeBrokerQueue",
        "properties.wasJms": {
          "deliveryMode": "NonPersistent",
          "queueName": "${TradeBrokerQueue_QueueName_1}"
        }
      },
      "jmsTopic": {
        "id": "TradeStreamerTopic",
        "jndiName": "jms/TradeStreamerTopic",
        "properties.wasJms": {
          "deliveryMode": "NonPersistent",
          "topicName": "TradeStreamerTopic",
          "topicSpace": "Trade.Topic.Space"
        }
      },
      "jmsActivationSpec": [
        {
          "authDataRef": "TradeAdminAuthData",
          "id": "eis/TradeBrokerMDB",
          "properties.wasJms": {
            "destinationRef": "TradeBrokerQueue",
            "destinationType": "javax.jms.Queue"
          }
        },
        {
          "authDataRef": "TradeAdminAuthData",
          "id": "eis/TradeStreamerMDB",
          "properties.wasJms": {
            "destinationRef": "TradeStreamerTopic",
            "destinationType": "javax.jms.Topic"
          }
        }
      ],
      "keyStore": [
        {
          "id": "NodeDefaultKeyStore",
          "location": "${NodeDefaultKeyStore_location_1}",
          "password": "${NodeDefaultKeyStore_password_1}"
        },
        {
          "id": "CellDefaultTrustStore",
          "location": "${CellDefaultTrustStore_location_1}",
          "password": "${CellDefaultTrustStore_password_1}"
        }
      ],
      "ssl": {
        "id": "NodeDefaultSSLSettings",
        "keyStoreRef": "NodeDefaultKeyStore",
        "sslProtocol": "${NodeDefaultSSLSettings_sslProtocol_1}",
        "trustStoreRef": "CellDefaultTrustStore"
      },
      "sslDefault": {
        "sslRef": "NodeDefaultSSLSettings"
      },
      "variable": [
        {
          "defaultValue": "DayTrader_2_1_ear_Default01Cell_CellDefaultTrustStore_trust.p12",
          "name": "CellDefaultTrustStore_location_1"
        },
        {
          "defaultValue": "*",
          "name": "httpEndpoint_host_1"
        },
        {
          "defaultValue": 9080,
          "name": "httpEndpoint_port_1"
        },
        {
          "defaultValue": 9443,
          "name": "httpEndpoint_secure_port_1"
        },
        {
          "defaultValue": "DayTrader_2_1_ear_AppSrv1Node_NodeDefaultKeyStore_key.p12",
          "name": "NodeDefaultKeyStore_location_1"
        },
        {
          "defaultValue": "TLS",
          "name": "NodeDefaultSSLSettings_sslProtocol_1"
        },
        {
          "defaultValue": "tradedb",
          "name": "NoTxTradeDataSource_databaseName_1"
        },
        {
          "defaultValue": 50002,
          "name": "NoTxTradeDataSource_portNumber_1"
        },
        {
          "defaultValue": "rhel7was2",
          "name": "NoTxTradeDataSource_serverName_1"
        },
        {
          "defaultValue": "TradeBrokerJSD",
          "name": "TradeBrokerQueue_QueueName_1"
        },
        {
          "defaultValue": "tradedb",
          "name": "TradeDataSource_databaseName_1"
        },
        {
          "defaultValue": 50002,
          "name": "TradeDataSource_portNumber_1"
        },
        {
          "defaultValue": "rhel7was2",
          "name": "TradeDataSource_serverName_1"
        },
        {
          "defaultValue": "",
          "name": "CellDefaultTrustStore_password_1"
        },
        {
          "defaultValue": "",
          "name": "NodeDefaultKeyStore_password_1"
        },
        {
          "defaultValue": "",
          "name": "TradeAdminAuthData_password_1"
        },
        {
          "defaultValue": "",
          "name": "TradeAdminAuthData_user_1"
        },
        {
          "defaultValue": "",
          "name": "TradeDataSourceAuthData_password_1"
        },
        {
          "defaultValue": "",
          "name": "TradeDataSourceAuthData_user_1"
        }
      ]
    }
  }
}