{
   "report": "inventory",
   "version": "3.1",
   "productVersion": "21.0.0.4",
   "productRelease": "21.0.0.4",
   "buildID": "v20211110_0002",
   "options": [
      "--includeHelpLocation",
      "--maxUserDefinedRuleResults=100",
      "--userRuleLocation=/home/ibmdemo/Downloads/transformationadvisor-3.0.0/conf/userDefinedRules"
   ],
   "applications": [
      "/usr/IBM/WAS855ND/profiles/Dmgr01/config/cells/Default01Cell/applications/DayTrader 2.1.ear/DayTrader 2.1.ear"
   ],
   "sharedLibraries": [
   ],
   "archives": {
      "ears": 1,
      "wars": 1,
      "rars": 0,
      "ejbs": 1,
      "webFragments": 0,
      "utilityJars": 1,
      "appClients": 2
   },
   "summary": {
      "servlets": 29,
      "jsps": 23,
      "jpaEntities": 5,
      "bmpEntityBeans": 0,
      "cmpEntityBeans": 0,
      "messageDrivenBeans": 2,
      "singletonSessionBeans": 0,
      "statefulSessionBeans": 0,
      "statelessSessionBeans": 2,
      "jaxrpcConsumers": 3,
      "jaxrpcProviders": 1,
      "jaxrsConsumers": 0,
      "jaxrsProviders": 0,
      "jaxwsConsumers": 0,
      "jaxwsProviders": 0,
      "springBeans": 0
   },
   "archiveInventory": [
      {
         "archiveName": "/usr/IBM/WAS855ND/profiles/Dmgr01/config/cells/Default01Cell/applications/DayTrader 2.1.ear/DayTrader 2.1.ear",
         "moduleType": "Enterprise archive",
         "moduleVersion": "5",
         "metadataComplete": null,
         "moduleSize": 977931,
         "checksum": "4982b070b8801bdbede8ff0f4fe831072e62032a40f43c78967720c3ae967fdc",
         "archives": {
            "wars": 1,
            "rars": 0,
            "ejbs": 1,
            "utilityJars": 1,
            "appClients": 2
         },
         "summary": {
            "servlets": 29,
            "jsps": 23,
            "jpaEntities": 5,
            "bmpEntityBeans": 0,
            "cmpEntityBeans": 0,
            "messageDrivenBeans": 2,
            "singletonSessionBeans": 0,
            "statefulSessionBeans": 0,
            "statelessSessionBeans": 2,
            "jaxrpcConsumers": 3,
            "jaxrpcProviders": 1,
            "jaxrsConsumers": 0,
            "jaxrsProviders": 0,
            "jaxwsConsumers": 0,
            "jaxwsProviders": 0,
            "springBeans": 0
         },
         "potentialDeploymentProblemsSummary": {
            "archivesContainingDuplicateClasses": 0,
            "archivesContainingJavaEEorSEClasses": 0,
            "archivesContainingConflictingOpenSourceSoftwareClasses": 1,
            "archivesContainingWebSphereClasses": 0,
            "archivesNotReferencedInTheApplication": 1,
            "archivesWithMissingDependenciesInTheApplication": 1,
            "classesWithSystemLevelJVMConfiguration": 0,
            "sharedLibrariesReferencingApplicationClasses": 0
         },
         "potentialDeploymentProblemsDetails": [
            {
               "duplicateClassesWithinClassLoader": [
               ]
            },
            {
               "duplicateClassesAcrossApplication": [
               ]
            },
            {
               "javaEEandSEClasses": [
               ]
            },
            {
               "duplicateWebSphereClasses": [
               ]
            },
            {
               "openSourceSoftwareClasses": [
                  {
                     "conflictingPackages": [
                        "org.apache.taglibs.standard",
                        "org.apache.taglibs.standard.extra.spath",
                        "org.apache.taglibs.standard.functions",
                        "org.apache.taglibs.standard.lang.jstl",
                        "org.apache.taglibs.standard.lang.jstl.parser",
                        "org.apache.taglibs.standard.lang.jstl.test",
                        "org.apache.taglibs.standard.lang.jstl.test.beans",
                        "org.apache.taglibs.standard.lang.support",
                        "org.apache.taglibs.standard.resources",
                        "org.apache.taglibs.standard.tag.common.core",
                        "org.apache.taglibs.standard.tag.common.fmt",
                        "org.apache.taglibs.standard.tag.common.sql",
                        "org.apache.taglibs.standard.tag.common.xml",
                        "org.apache.taglibs.standard.tag.el.core",
                        "org.apache.taglibs.standard.tag.el.fmt",
                        "org.apache.taglibs.standard.tag.el.sql",
                        "org.apache.taglibs.standard.tag.el.xml",
                        "org.apache.taglibs.standard.tag.rt.core",
                        "org.apache.taglibs.standard.tag.rt.fmt",
                        "org.apache.taglibs.standard.tag.rt.sql",
                        "org.apache.taglibs.standard.tag.rt.xml",
                        "org.apache.taglibs.standard.tei",
                        "org.apache.taglibs.standard.tlv"
                     ],
                     "packageLocation": [
                        "web.war/WEB-INF/lib/standard-1.1.1.jar"
                     ],
                     "appliesTo": [
                        "V8.5.5",
                        "V9.0",
                        "Liberty"
                     ]
                  }
               ]
            },
            {
               "archivesNotReferenced": [
                  {
                     "archive": "web.war/WEB-INF/lib/standard-1.1.1.jar",
                     "referencedBy": ""
                  }
               ]
            },
            {
               "missingDependencies": [
                  {
                     "missingDependencies": [
                        "org.apache.xalan.serialize",
                        "org.apache.xalan.templates",
                        "org.apache.xml.utils",
                        "org.apache.xpath",
                        "org.apache.xpath.objects"
                     ],
                     "archive": [
                        "web.war/WEB-INF/lib/standard-1.1.1.jar"
                     ]
                  }
               ]
            },
            {
               "classesWithSystemLevelJVMConfiguration": [
               ]
            },
            {
               "sharedLibraryDependencies": [
               ]
            }
         ],
         "performanceConsiderations": {
            "archivesThatAreCandidatesForMetadataCompleteTrueAttribute": [
            ],
            "webModulesWithExcessiveClassFiles": [
            ],
            "webModulesWithExcessiveStaticResources": [
            ]
         },
         "operationalConsiderations": {
            "deploymentTargets": {
               "staticClusters": [
                  {
                     "name": "TradeCluster",
                     "members": [
                        {
                           "name": "TradeServer1",
                           "node": "AppSrv1Node"
                        },
                        {
                           "name": "TradeServer2",
                           "node": "AppSrv1Node"
                        }
                     ]
                  }
               ]
            }
         },
         "containedArchiveInventory": [
            {
               "archiveName": "/usr/IBM/WAS855ND/profiles/Dmgr01/config/cells/Default01Cell/applications/DayTrader 2.1.ear/DayTrader 2.1.ear/dt-ejb.jar",
               "moduleType": "EJB module",
               "moduleVersion": "3.0",
               "metadataComplete": "Unspecified",
               "checksum": "a2f8e6ee958892e962b9f6b272685a299f0bd913d895f25afc4e67c63b57f2b9",
               "summary": {
                  "servlets": 0,
                  "jsps": 0,
                  "jpaEntities": 5,
                  "bmpEntityBeans": 0,
                  "cmpEntityBeans": 0,
                  "messageDrivenBeans": 2,
                  "singletonSessionBeans": 0,
                  "statefulSessionBeans": 0,
                  "statelessSessionBeans": 2,
                  "jaxrpcConsumers": 1,
                  "jaxrpcProviders": 1,
                  "jaxrsConsumers": 0,
                  "jaxrsProviders": 0,
                  "jaxwsConsumers": 0,
                  "jaxwsProviders": 0,
                  "springBeans": 0
               }
            },
            {
               "archiveName": "/usr/IBM/WAS855ND/profiles/Dmgr01/config/cells/Default01Cell/applications/DayTrader 2.1.ear/DayTrader 2.1.ear/streamer.jar",
               "moduleType": "Application client module",
               "moduleVersion": "1.4",
               "metadataComplete": "true",
               "checksum": "3651816953dce32e6f4c14cb9bd47e48affd27d184dcae702649a2a08ccc5acd",
               "summary": {
                  "servlets": 0,
                  "jsps": 0,
                  "jpaEntities": 0,
                  "bmpEntityBeans": 0,
                  "cmpEntityBeans": 0,
                  "messageDrivenBeans": 0,
                  "singletonSessionBeans": 0,
                  "statefulSessionBeans": 0,
                  "statelessSessionBeans": 0,
                  "jaxrpcConsumers": 0,
                  "jaxrpcProviders": 0,
                  "jaxrsConsumers": 0,
                  "jaxrsProviders": 0,
                  "jaxwsConsumers": 0,
                  "jaxwsProviders": 0,
                  "springBeans": 0
               }
            },
            {
               "archiveName": "/usr/IBM/WAS855ND/profiles/Dmgr01/config/cells/Default01Cell/applications/DayTrader 2.1.ear/DayTrader 2.1.ear/web.war",
               "moduleType": "Web module",
               "moduleVersion": "2.5",
               "metadataComplete": "Unspecified",
               "checksum": "6ecc5dedf4680cece328096559658ea4042e36995afbe8d6b8cc33b47a14c3a0",
               "archives": {
                  "ejbs": 0,
                  "webFragments": 0,
                  "utilityJars": 1
               },
               "summary": {
                  "servlets": 29,
                  "jsps": 23,
                  "jpaEntities": 0,
                  "bmpEntityBeans": 0,
                  "cmpEntityBeans": 0,
                  "messageDrivenBeans": 0,
                  "singletonSessionBeans": 0,
                  "statefulSessionBeans": 0,
                  "statelessSessionBeans": 0,
                  "jaxrpcConsumers": 0,
                  "jaxrpcProviders": 0,
                  "jaxrsConsumers": 0,
                  "jaxrsProviders": 0,
                  "jaxwsConsumers": 0,
                  "jaxwsProviders": 0,
                  "springBeans": 0
               },
               "containedArchiveInventory": [
                  {
                     "archiveName": "/usr/IBM/WAS855ND/profiles/Dmgr01/config/cells/Default01Cell/applications/DayTrader 2.1.ear/DayTrader 2.1.ear/web.war/WEB-INF/lib/standard-1.1.1.jar",
                     "moduleType": "Utility JAR",
                     "checksum": "5d8fdcd72ae5b986c46a9fa7c595342c643842025096e29bd3da96ad5548d7ae",
                     "containedPackages": [
                        "org.apache.taglibs"
                     ]
                  }
               ]
            },
            {
               "archiveName": "/usr/IBM/WAS855ND/profiles/Dmgr01/config/cells/Default01Cell/applications/DayTrader 2.1.ear/DayTrader 2.1.ear/wsappclient.jar",
               "moduleType": "Application client module",
               "moduleVersion": "1.4",
               "metadataComplete": "true",
               "checksum": "7a7cbba677fd97d1a1b0d49764c2379d8d2527f672be52fe867389ce7abd4132",
               "summary": {
                  "servlets": 0,
                  "jsps": 0,
                  "jpaEntities": 0,
                  "bmpEntityBeans": 0,
                  "cmpEntityBeans": 0,
                  "messageDrivenBeans": 0,
                  "singletonSessionBeans": 0,
                  "statefulSessionBeans": 0,
                  "statelessSessionBeans": 0,
                  "jaxrpcConsumers": 2,
                  "jaxrpcProviders": 0,
                  "jaxrsConsumers": 0,
                  "jaxrsProviders": 0,
                  "jaxwsConsumers": 0,
                  "jaxwsProviders": 0,
                  "springBeans": 0
               }
            }
         ]
      }
   ],
   "sharedLibraryDetails": [
   ]
}