{
  "productInf": [
    {
      "name": "IBM WebSphere Application Server Network Deployment",
      "id": "ND",
      "version": "8.5.5.18",
      "buildDate": "9/10/20",
      "buildLevel": "cf182036.01"
    }
  ],
  "profiles": [
    {
      "name": "Dmgr01",
      "profilePath": "/usr/IBM/WAS855ND/profiles/Dmgr01",
      "cellName": "Default01Cell",
      "servers": [
        {
          "name": "proxy_server",
          "displayName": "",
          "serverType": "PROXY_SERVER"
        }
      ],
      "clusterNames": [
        "TradeCluster"
      ],
      "applications": [
        "/usr/IBM/WAS855ND/profiles/Dmgr01/config/cells/Default01Cell/applications/modresorts-1_0_war.ear/modresorts-1_0_war.ear",
        "/usr/IBM/WAS855ND/profiles/Dmgr01/config/cells/Default01Cell/applications/DayTrader 2.1.ear/DayTrader 2.1.ear",
        "/usr/IBM/WAS855ND/profiles/Dmgr01/config/cells/Default01Cell/applications/WebSphereBank.ear/WebSphereBank.ear"
      ],
      "appsInfo": [],
      "isStandalone": false,
      "webSphereVersion": "was855",
      "javaVersion": "ibm6",
      "appsFound": true,
      "serverClasspath": [],
      "webSphereVariables": [
        {
          "name": "SERVER_LOG_ROOT",
          "scope": "/usr/IBM/WAS855ND/profiles/Dmgr01/config/cells/Default01Cell/nodes/Dmgr01Node/servers/dmgr",
          "value": "/usr/IBM/WAS855ND/profiles/Dmgr01/logs/dmgr"
        },
        {
          "name": "WAS_SERVER_NAME",
          "scope": "/usr/IBM/WAS855ND/profiles/Dmgr01/config/cells/Default01Cell/nodes/Dmgr01Node/servers/dmgr",
          "value": "dmgr"
        },
        {
          "name": "WAS_INSTALL_ROOT",
          "scope": "/usr/IBM/WAS855ND/profiles/Dmgr01/config/cells/Default01Cell/nodes/Dmgr01Node",
          "value": "/usr/IBM/WAS855ND"
        },
        {
          "name": "USER_INSTALL_ROOT",
          "scope": "/usr/IBM/WAS855ND/profiles/Dmgr01/config/cells/Default01Cell/nodes/Dmgr01Node",
          "value": "/usr/IBM/WAS855ND/profiles/Dmgr01"
        },
        {
          "name": "WAS_LIBS_DIR",
          "scope": "/usr/IBM/WAS855ND/profiles/Dmgr01/config/cells/Default01Cell/nodes/Dmgr01Node",
          "value": "/usr/IBM/WAS855ND/lib"
        },
        {
          "name": "WAS_PROPS_DIR",
          "scope": "/usr/IBM/WAS855ND/profiles/Dmgr01/config/cells/Default01Cell/nodes/Dmgr01Node",
          "value": "/usr/IBM/WAS855ND/profiles/Dmgr01/properties"
        },
        {
          "name": "WAS_TEMP_DIR",
          "scope": "/usr/IBM/WAS855ND/profiles/Dmgr01/config/cells/Default01Cell/nodes/Dmgr01Node",
          "value": "/usr/IBM/WAS855ND/profiles/Dmgr01/temp"
        },
        {
          "name": "APP_INSTALL_ROOT",
          "scope": "/usr/IBM/WAS855ND/profiles/Dmgr01/config/cells/Default01Cell/nodes/Dmgr01Node",
          "value": "/usr/IBM/WAS855ND/profiles/Dmgr01/installedApps"
        },
        {
          "name": "LOG_ROOT",
          "scope": "/usr/IBM/WAS855ND/profiles/Dmgr01/config/cells/Default01Cell/nodes/Dmgr01Node",
          "value": "/usr/IBM/WAS855ND/profiles/Dmgr01/logs"
        },
        {
          "name": "DRIVER_PATH",
          "scope": "/usr/IBM/WAS855ND/profiles/Dmgr01/config/cells/Default01Cell/nodes/Dmgr01Node",
          "value": "/usr/IBM/WAS855ND"
        },
        {
          "name": "JAVA_HOME",
          "scope": "/usr/IBM/WAS855ND/profiles/Dmgr01/config/cells/Default01Cell/nodes/Dmgr01Node",
          "value": "/usr/IBM/WAS855ND/java"
        },
        {
          "name": "MQ_INSTALL_ROOT",
          "scope": "/usr/IBM/WAS855ND/profiles/Dmgr01/config/cells/Default01Cell/nodes/Dmgr01Node",
          "value": "/usr/IBM/WAS855ND/lib/WMQ"
        },
        {
          "name": "DEPLOY_TOOL_ROOT",
          "scope": "/usr/IBM/WAS855ND/profiles/Dmgr01/config/cells/Default01Cell/nodes/Dmgr01Node",
          "value": "/usr/IBM/WAS855ND/deploytool/itp"
        },
        {
          "name": "CONNECTOR_INSTALL_ROOT",
          "scope": "/usr/IBM/WAS855ND/profiles/Dmgr01/config/cells/Default01Cell/nodes/Dmgr01Node",
          "value": "/usr/IBM/WAS855ND/profiles/Dmgr01/installedConnectors"
        },
        {
          "name": "WAS_ETC_DIR",
          "scope": "/usr/IBM/WAS855ND/profiles/Dmgr01/config/cells/Default01Cell/nodes/Dmgr01Node",
          "value": "/usr/IBM/WAS855ND/profiles/Dmgr01/etc"
        },
        {
          "name": "UNIVERSAL_JDBC_DRIVER_PATH",
          "scope": "/usr/IBM/WAS855ND/profiles/Dmgr01/config/cells/Default01Cell/nodes/Dmgr01Node",
          "value": "/usr/IBM/WAS855ND/universalDriver/lib"
        },
        {
          "name": "DERBY_JDBC_DRIVER_PATH",
          "scope": "/usr/IBM/WAS855ND/profiles/Dmgr01/config/cells/Default01Cell/nodes/Dmgr01Node",
          "value": "/usr/IBM/WAS855ND/derby/lib"
        },
        {
          "name": "WAS_INSTALL_LIBRARY",
          "scope": "/usr/IBM/WAS855ND/profiles/Dmgr01/config/cells/Default01Cell/nodes/Dmgr01Node",
          "value": "$(was.install.library)"
        },
        {
          "name": "LOCALHOST_NAME",
          "scope": "/usr/IBM/WAS855ND/profiles/Dmgr01/config/cells/Default01Cell/nodes/Dmgr01Node",
          "value": "localhost"
        },
        {
          "name": "ARS_NAME",
          "scope": "/usr/IBM/WAS855ND/profiles/Dmgr01/config/cells/Default01Cell/nodes/Dmgr01Node",
          "value": "ibmARS.ear"
        },
        {
          "name": "SERVER_LOG_ROOT",
          "scope": "/usr/IBM/WAS855ND/profiles/Dmgr01/config/cells/Default01Cell/nodes/AppSrv1Node/servers/server1",
          "value": "/usr/IBM/WAS855ND/profiles/Dmgr01/logs/server1"
        },
        {
          "name": "WAS_SERVER_NAME",
          "scope": "/usr/IBM/WAS855ND/profiles/Dmgr01/config/cells/Default01Cell/nodes/AppSrv1Node/servers/server1",
          "value": "server1"
        },
        {
          "name": "WAS_SERVER_NAME",
          "scope": "/usr/IBM/WAS855ND/profiles/Dmgr01/config/cells/Default01Cell/nodes/AppSrv1Node/servers/nodeagent",
          "value": "nodeagent"
        },
        {
          "name": "SERVER_LOG_ROOT",
          "scope": "/usr/IBM/WAS855ND/profiles/Dmgr01/config/cells/Default01Cell/nodes/AppSrv1Node/servers/TradeServer1",
          "value": "/usr/IBM/WAS855ND/profiles/Dmgr01/logs/TradeServer1"
        },
        {
          "name": "WAS_SERVER_NAME",
          "scope": "/usr/IBM/WAS855ND/profiles/Dmgr01/config/cells/Default01Cell/nodes/AppSrv1Node/servers/TradeServer1",
          "value": "TradeServer1"
        },
        {
          "name": "SERVER_LOG_ROOT",
          "scope": "/usr/IBM/WAS855ND/profiles/Dmgr01/config/cells/Default01Cell/nodes/AppSrv1Node/servers/TradeServer2",
          "value": "/usr/IBM/WAS855ND/profiles/Dmgr01/logs/TradeServer2"
        },
        {
          "name": "WAS_SERVER_NAME",
          "scope": "/usr/IBM/WAS855ND/profiles/Dmgr01/config/cells/Default01Cell/nodes/AppSrv1Node/servers/TradeServer2",
          "value": "TradeServer2"
        },
        {
          "name": "WAS_INSTALL_ROOT",
          "scope": "/usr/IBM/WAS855ND/profiles/Dmgr01/config/cells/Default01Cell/nodes/AppSrv1Node",
          "value": "/usr/IBM/WAS855ND"
        },
        {
          "name": "USER_INSTALL_ROOT",
          "scope": "/usr/IBM/WAS855ND/profiles/Dmgr01/config/cells/Default01Cell/nodes/AppSrv1Node",
          "value": "/usr/IBM/WAS855ND/profiles/AppSrv1"
        },
        {
          "name": "WAS_LIBS_DIR",
          "scope": "/usr/IBM/WAS855ND/profiles/Dmgr01/config/cells/Default01Cell/nodes/AppSrv1Node",
          "value": "/usr/IBM/WAS855ND/lib"
        },
        {
          "name": "WAS_PROPS_DIR",
          "scope": "/usr/IBM/WAS855ND/profiles/Dmgr01/config/cells/Default01Cell/nodes/AppSrv1Node",
          "value": "/usr/IBM/WAS855ND/profiles/Dmgr01/properties"
        },
        {
          "name": "WAS_TEMP_DIR",
          "scope": "/usr/IBM/WAS855ND/profiles/Dmgr01/config/cells/Default01Cell/nodes/AppSrv1Node",
          "value": "/usr/IBM/WAS855ND/profiles/Dmgr01/temp"
        },
        {
          "name": "APP_INSTALL_ROOT",
          "scope": "/usr/IBM/WAS855ND/profiles/Dmgr01/config/cells/Default01Cell/nodes/AppSrv1Node",
          "value": "/usr/IBM/WAS855ND/profiles/Dmgr01/installedApps"
        },
        {
          "name": "LOG_ROOT",
          "scope": "/usr/IBM/WAS855ND/profiles/Dmgr01/config/cells/Default01Cell/nodes/AppSrv1Node",
          "value": "/usr/IBM/WAS855ND/profiles/Dmgr01/logs"
        },
        {
          "name": "DRIVER_PATH",
          "scope": "/usr/IBM/WAS855ND/profiles/Dmgr01/config/cells/Default01Cell/nodes/AppSrv1Node",
          "value": "/usr/IBM/WAS855ND"
        },
        {
          "name": "JAVA_HOME",
          "scope": "/usr/IBM/WAS855ND/profiles/Dmgr01/config/cells/Default01Cell/nodes/AppSrv1Node",
          "value": "/usr/IBM/WAS855ND/java"
        },
        {
          "name": "MQ_INSTALL_ROOT",
          "scope": "/usr/IBM/WAS855ND/profiles/Dmgr01/config/cells/Default01Cell/nodes/AppSrv1Node",
          "value": "/usr/IBM/WAS855ND/lib/WMQ"
        },
        {
          "name": "DEPLOY_TOOL_ROOT",
          "scope": "/usr/IBM/WAS855ND/profiles/Dmgr01/config/cells/Default01Cell/nodes/AppSrv1Node",
          "value": "/usr/IBM/WAS855ND/deploytool/itp"
        },
        {
          "name": "CONNECTOR_INSTALL_ROOT",
          "scope": "/usr/IBM/WAS855ND/profiles/Dmgr01/config/cells/Default01Cell/nodes/AppSrv1Node",
          "value": "/usr/IBM/WAS855ND/profiles/Dmgr01/installedConnectors"
        },
        {
          "name": "WAS_ETC_DIR",
          "scope": "/usr/IBM/WAS855ND/profiles/Dmgr01/config/cells/Default01Cell/nodes/AppSrv1Node",
          "value": "/usr/IBM/WAS855ND/profiles/Dmgr01/etc"
        },
        {
          "name": "UNIVERSAL_JDBC_DRIVER_PATH",
          "scope": "/usr/IBM/WAS855ND/profiles/Dmgr01/config/cells/Default01Cell/nodes/AppSrv1Node",
          "value": "/usr/IBM/WAS855ND/universalDriver/lib"
        },
        {
          "name": "DERBY_JDBC_DRIVER_PATH",
          "scope": "/usr/IBM/WAS855ND/profiles/Dmgr01/config/cells/Default01Cell/nodes/AppSrv1Node",
          "value": "/usr/IBM/WAS855ND/derby/lib"
        },
        {
          "name": "WAS_INSTALL_LIBRARY",
          "scope": "/usr/IBM/WAS855ND/profiles/Dmgr01/config/cells/Default01Cell/nodes/AppSrv1Node",
          "value": "$(was.install.library)"
        },
        {
          "name": "LOCALHOST_NAME",
          "scope": "/usr/IBM/WAS855ND/profiles/Dmgr01/config/cells/Default01Cell/nodes/AppSrv1Node",
          "value": "localhost"
        },
        {
          "name": "ARS_NAME",
          "scope": "/usr/IBM/WAS855ND/profiles/Dmgr01/config/cells/Default01Cell/nodes/AppSrv1Node",
          "value": "ibmARS.ear"
        },
        {
          "name": "WAS_CELL_NAME",
          "scope": "/usr/IBM/WAS855ND/profiles/Dmgr01/config/cells/Default01Cell",
          "value": "Default01Cell"
        },
        {
          "name": "GRID_JOBLOG_ROOT",
          "scope": "/usr/IBM/WAS855ND/profiles/Dmgr01/config/cells/Default01Cell",
          "value": "/usr/IBM/WAS855ND/profiles/Dmgr01"
        },
        {
          "name": "DERBY_JDBC_DRIVER_PATH",
          "scope": "/usr/IBM/WAS855ND/profiles/Dmgr01/config/cells/Default01Cell",
          "value": "/usr/IBM/WAS855ND/derby/lib"
        },
        {
          "name": "GRID_ENDPOINT_DATASOURCE",
          "scope": "/usr/IBM/WAS855ND/profiles/Dmgr01/config/cells/Default01Cell",
          "value": "jdbc/pgc"
        },
        {
          "name": "GERONIMO_HOME",
          "scope": "/usr/IBM/WAS855ND/profiles/Dmgr01/config/cells/Default01Cell",
          "value": "/opt/IBM/WebSphere/AppServerCommunityEdition"
        },
        {
          "name": "JBOSS_HOME",
          "scope": "/usr/IBM/WAS855ND/profiles/Dmgr01/config/cells/Default01Cell",
          "value": "/usr/local/jboss"
        },
        {
          "name": "CATALINA_HOME",
          "scope": "/usr/IBM/WAS855ND/profiles/Dmgr01/config/cells/Default01Cell",
          "value": "/usr/local/apache-tomcat"
        },
        {
          "name": "WLP_INSTALL_DIR",
          "scope": "/usr/IBM/WAS855ND/profiles/Dmgr01/config/cells/Default01Cell",
          "value": "/usr/IBM/WAS855ND/wlp"
        },
        {
          "name": "WLP_USER_DIR",
          "scope": "/usr/IBM/WAS855ND/profiles/Dmgr01/config/cells/Default01Cell",
          "value": "/usr/IBM/WAS855ND/wlp/usr"
        },
        {
          "name": "WLP_OUTPUT_DIR",
          "scope": "/usr/IBM/WAS855ND/profiles/Dmgr01/config/cells/Default01Cell",
          "value": "/usr/IBM/WAS855ND/wlp/usr/servers"
        },
        {
          "name": "WEBLOGIC_ADMINHOST",
          "scope": "/usr/IBM/WAS855ND/profiles/Dmgr01/config/cells/Default01Cell",
          "value": "localhost"
        },
        {
          "name": "WEBLOGIC_ADMINPORT",
          "scope": "/usr/IBM/WAS855ND/profiles/Dmgr01/config/cells/Default01Cell",
          "value": "7001"
        },
        {
          "name": "WEBLOGIC_ADMINPROTOCOL",
          "scope": "/usr/IBM/WAS855ND/profiles/Dmgr01/config/cells/Default01Cell",
          "value": "t3"
        },
        {
          "name": "WEBLOGIC_ADMINURL",
          "scope": "/usr/IBM/WAS855ND/profiles/Dmgr01/config/cells/Default01Cell",
          "value": "t3://localhost:7001"
        },
        {
          "name": "WEBLOGIC_SERVERROOT",
          "scope": "/usr/IBM/WAS855ND/profiles/Dmgr01/config/cells/Default01Cell",
          "value": "/opt/bea\\\\user_projects\\\\domains\\\\myDomain"
        },
        {
          "name": "WEBLOGIC_HOME",
          "scope": "/usr/IBM/WAS855ND/profiles/Dmgr01/config/cells/Default01Cell",
          "value": "/opt/bea\\\\weblogic"
        },
        {
          "name": "WEBLOGIC_DOMAINNAME",
          "scope": "/usr/IBM/WAS855ND/profiles/Dmgr01/config/cells/Default01Cell",
          "value": "myDomain"
        },
        {
          "name": "WEBLOGIC_DOMAINDIR",
          "scope": "/usr/IBM/WAS855ND/profiles/Dmgr01/config/cells/Default01Cell",
          "value": "/opt/bea\\\\user_projects\\\\domains\\\\myDomain"
        },
        {
          "name": "BEA_HOME",
          "scope": "/usr/IBM/WAS855ND/profiles/Dmgr01/config/cells/Default01Cell",
          "value": "/opt/bea"
        }
      ],
      "archive": {
        "domain": "javaAppServer",
        "archiveName": "Dmgr01",
        "archiveType": "profile",
        "assessmentUnits": [
          "modresorts-1_0_war.ear",
          "DayTrader 2.1.ear",
          "WebSphereBank.ear"
        ],
        "dcVersion": "3.0.0",
        "middleware": "was",
        "host": "RHEL7WAS2.tec.uk.ibm.com"
      },
      "ignoreMissingBinary": false,
      "scanBinaryLocation": false,
      "hasConfig": true,
      "locale": "en",
      "assessUnitNames": [
        "modresorts-1_0_war.ear",
        "DayTrader 2.1.ear",
        "WebSphereBank.ear"
      ]
    }
  ],
  "appsToScan_user": [
    ""
  ],
  "scanNodeFlag": false,
  "ignoreMissingSharedLibrary": false,
  "ignoreMissingBinary": false,
  "scanBinaryLocation": false,
  "locale": "en"
}