{
   "report": "analysis",
   "version": "1.4",
   "productVersion": "21.0.0.4",
   "productRelease": "21.0.0.4",
   "buildID": "v20211110_0002",
   "options": [
      "--sourceAppServer=was855",
      "--sourceJava=ibm6",
      "--targetAppServer=was855",
      "--targetJava=ibm8",
      "--targetCloud=containers",
      "--includeHelpLocation",
      "--maxUserDefinedRuleResults=100",
      "--userRuleLocation=/home/ibmdemo/Downloads/transformationadvisor-3.0.0/conf/userDefinedRules"
   ],
   "totalRulesFlagged": 14,
   "filesAffected": 36,
   "totalResults": 82,
   "severitySummary": [
      {
         "severity": "Warning",
         "severityId": "warning",
         "totalRulesFlagged": 5,
         "totalResults": 60
      },
      {
         "severity": "Information",
         "severityId": "info",
         "totalRulesFlagged": 9,
         "totalResults": 22
      }
   ],
   "applications": [
      "/usr/IBM/WAS855ND/profiles/Dmgr01/config/cells/Default01Cell/applications/modresorts-1_0_war.ear/modresorts-1_0_war.ear"
   ],
   "rules": [
      {
         "ruleName": "Behavior change in java.lang.String and java.util.regex.Pattern split methods",
         "ruleId": "StringSplit",
         "ruleHelpLocation": "/ruleinfo/appconversion/jre/180/JRE8StringSplit.html",
         "devCost": "0",
         "instanceCost": "0",
         "severity": "Warning",
         "severityId": "warning",
         "category": "Java SE version migration / Java SE 8 compatibility impacts",
         "categoryId": "appconversion.jre.category / appconversion.jre.180.category",
         "totalResults": 12,
         "results": [
            {
               "fileName": "modresorts-1_0_war.ear/modresorts-1.0.war/WEB-INF/lib/commons-codec-1.10.jar/org/apache/commons/codec/language/DaitchMokotoffSoundex$Rule.class",
               "details": [
                  {
                     "reference": "Constructor",
                     "match": "java.lang.String.split(*)",
                     "lineNumber": 171
                  }
               ]
            },
            {
               "fileName": "modresorts-1_0_war.ear/modresorts-1.0.war/WEB-INF/lib/commons-codec-1.10.jar/org/apache/commons/codec/language/DaitchMokotoffSoundex.class",
               "details": [
                  {
                     "reference": "Method parseRules",
                     "match": "java.lang.String.split(*)",
                     "lineNumber": 285
                  }
               ]
            },
            {
               "fileName": "modresorts-1_0_war.ear/modresorts-1.0.war/WEB-INF/lib/commons-codec-1.10.jar/org/apache/commons/codec/language/bm/Lang.class",
               "details": [
                  {
                     "reference": "Method loadFromResource",
                     "match": "java.lang.String.split(*)",
                     "lineNumber": 166
                  }
               ]
            },
            {
               "fileName": "modresorts-1_0_war.ear/modresorts-1.0.war/WEB-INF/lib/commons-codec-1.10.jar/org/apache/commons/codec/language/bm/PhoneticEngine.class",
               "details": [
                  {
                     "reference": "Method encode",
                     "match": "java.lang.String.split(*)",
                     "lineNumber": 426
                  }
               ]
            },
            {
               "fileName": "modresorts-1_0_war.ear/modresorts-1.0.war/WEB-INF/lib/commons-codec-1.10.jar/org/apache/commons/codec/language/bm/Rule.class",
               "details": [
                  {
                     "reference": "Method parsePhoneme",
                     "match": "java.lang.String.split(*)",
                     "lineNumber": 373
                  }
               ]
            },
            {
               "fileName": "modresorts-1_0_war.ear/modresorts-1.0.war/WEB-INF/lib/httpclient-4.5.5.jar/org/apache/http/client/utils/URIUtils.class",
               "details": [
                  {
                     "reference": "Method normalizeSyntax",
                     "match": "java.lang.String.split(*)",
                     "lineNumber": 292
                  }
               ]
            },
            {
               "fileName": "modresorts-1_0_war.ear/modresorts-1.0.war/WEB-INF/lib/httpclient-4.5.5.jar/org/apache/http/conn/ssl/AbstractVerifier.class",
               "details": [
                  {
                     "reference": "Method matchIdentity",
                     "match": "java.lang.String.split(*)",
                     "lineNumber": 202
                  }
               ]
            },
            {
               "fileName": "modresorts-1_0_war.ear/modresorts-1.0.war/WEB-INF/lib/httpclient-4.5.5.jar/org/apache/http/conn/ssl/SSLConnectionSocketFactory.class",
               "details": [
                  {
                     "reference": "Method split",
                     "match": "java.lang.String.split(*)",
                     "lineNumber": 181
                  }
               ]
            },
            {
               "fileName": "modresorts-1_0_war.ear/modresorts-1.0.war/WEB-INF/lib/httpclient-4.5.5.jar/org/apache/http/conn/ssl/SSLSocketFactory.class",
               "details": [
                  {
                     "reference": "Method split",
                     "match": "java.lang.String.split(*)",
                     "lineNumber": 179
                  }
               ]
            },
            {
               "fileName": "modresorts-1_0_war.ear/modresorts-1.0.war/WEB-INF/lib/httpclient-4.5.5.jar/org/apache/http/impl/client/HttpClientBuilder.class",
               "details": [
                  {
                     "reference": "Method split",
                     "match": "java.lang.String.split(*)",
                     "lineNumber": 930
                  }
               ]
            },
            {
               "fileName": "modresorts-1_0_war.ear/modresorts-1.0.war/WEB-INF/lib/json-20180130.jar/org/json/JSONObject.class",
               "details": [
                  {
                     "reference": "Constructor",
                     "match": "java.lang.String.split(*)",
                     "lineNumber": 386
                  }
               ]
            },
            {
               "fileName": "modresorts-1_0_war.ear/modresorts-1.0.war/WEB-INF/lib/json-20180130.jar/org/json/JSONPointer.class",
               "details": [
                  {
                     "reference": "Constructor",
                     "match": "java.lang.String.split(*)",
                     "lineNumber": 161
                  }
               ]
            }
         ]
      },
      {
         "ruleName": "Behavior change in month name formatting for some languages",
         "ruleId": "MonthFormattingNames",
         "ruleHelpLocation": "/ruleinfo/appconversion/jre/180/JRE8MonthFormattingNames.html",
         "devCost": "0",
         "instanceCost": "0",
         "severity": "Information",
         "severityId": "info",
         "category": "Java SE version migration / Java SE 8 compatibility impacts",
         "categoryId": "appconversion.jre.category / appconversion.jre.180.category",
         "totalResults": 3,
         "results": [
            {
               "fileName": "modresorts-1_0_war.ear/modresorts-1.0.war/WEB-INF/lib/commons-logging-1.1.3.jar/org/apache/commons/logging/impl/SimpleLog.class",
               "details": [
                  {
                     "reference": "Method log",
                     "match": "java.text.DateFormat.format(*)",
                     "lineNumber": 282
                  }
               ]
            },
            {
               "fileName": "modresorts-1_0_war.ear/modresorts-1.0.war/WEB-INF/lib/httpclient-4.5.5.jar/org/apache/http/client/utils/DateUtils.class",
               "details": [
                  {
                     "reference": "Method formatDate",
                     "match": "java.text.SimpleDateFormat.format(*)",
                     "lineNumber": 176
                  }
               ]
            },
            {
               "fileName": "modresorts-1_0_war.ear/modresorts-1.0.war/WEB-INF/lib/httpcore-4.4.9.jar/org/apache/http/protocol/HttpDateGenerator.class",
               "details": [
                  {
                     "reference": "Method getCurrentDate",
                     "match": "java.text.DateFormat.format(*)",
                     "lineNumber": 68
                  }
               ]
            }
         ]
      },
      {
         "ruleName": "Behavior change in most Collection.removeAll and Collection.retainAll implementations",
         "ruleId": "CollectionMethods",
         "ruleHelpLocation": "/ruleinfo/appconversion/jre/180/JRE8CollectionMethods.html",
         "devCost": "0",
         "instanceCost": "0",
         "severity": "Information",
         "severityId": "info",
         "category": "Java SE version migration / Java SE 8 compatibility impacts",
         "categoryId": "appconversion.jre.category / appconversion.jre.180.category",
         "totalResults": 5,
         "results": [
            {
               "fileName": "modresorts-1_0_war.ear/modresorts-1.0.war/WEB-INF/lib/commons-codec-1.10.jar/org/apache/commons/codec/language/bm/Lang.class",
               "details": [
                  {
                     "reference": "Method guessLanguages",
                     "match": "java.util.Set.removeAll(*)",
                     "lineNumber": 223
                  },
                  {
                     "reference": "Method guessLanguages",
                     "match": "java.util.Set.retainAll(*)",
                     "lineNumber": 221
                  }
               ]
            },
            {
               "fileName": "modresorts-1_0_war.ear/modresorts-1.0.war/WEB-INF/lib/commons-codec-1.10.jar/org/apache/commons/codec/language/bm/PhoneticEngine.class",
               "details": [
                  {
                     "reference": "Method encode",
                     "match": "java.util.List.removeAll(*)",
                     "lineNumber": 437
                  },
                  {
                     "reference": "Method encode",
                     "match": "java.util.List.removeAll(*)",
                     "lineNumber": 441
                  }
               ]
            },
            {
               "fileName": "modresorts-1_0_war.ear/modresorts-1.0.war/WEB-INF/lib/httpmime-4.5.5.jar/org/apache/http/entity/mime/Header.class",
               "details": [
                  {
                     "reference": "Method removeFields",
                     "match": "java.util.List.removeAll(*)",
                     "lineNumber": 105
                  }
               ]
            }
         ]
      },
      {
         "ruleName": "Behavior change in new instance creation for non-public interfaces",
         "ruleId": "ProxyNonPublic",
         "ruleHelpLocation": "/ruleinfo/appconversion/jre/180/JRE8ProxyNonPublic.html",
         "devCost": "0",
         "instanceCost": "0",
         "severity": "Information",
         "severityId": "info",
         "category": "Java SE version migration / Java SE 8 compatibility impacts",
         "categoryId": "appconversion.jre.category / appconversion.jre.180.category",
         "totalResults": 1,
         "results": [
            {
               "fileName": "modresorts-1_0_war.ear/modresorts-1.0.war/WEB-INF/lib/httpclient-4.5.5.jar/org/apache/http/impl/client/CloseableHttpResponseProxy.class",
               "details": [
                  {
                     "reference": "Method newProxy",
                     "match": "java.lang.reflect.Constructor.newInstance(java.lang.Object...)",
                     "lineNumber": 94
                  }
               ]
            }
         ]
      },
      {
         "ruleName": "Behavior change in the construction of dynamic proxy classes",
         "ruleId": "ProxyConstructor",
         "ruleHelpLocation": "/ruleinfo/appconversion/jre/180/JRE8ProxyConstructor.html",
         "devCost": "0",
         "instanceCost": "0",
         "severity": "Information",
         "severityId": "info",
         "category": "Java SE version migration / Java SE 8 compatibility impacts",
         "categoryId": "appconversion.jre.category / appconversion.jre.180.category",
         "totalResults": 1,
         "results": [
            {
               "fileName": "modresorts-1_0_war.ear/modresorts-1.0.war/WEB-INF/lib/httpclient-4.5.5.jar/org/apache/http/impl/client/CloseableHttpResponseProxy.class",
               "details": [
                  {
                     "reference": "Method newProxy",
                     "match": "java.lang.reflect.Constructor.newInstance(java.lang.Object...)",
                     "lineNumber": 94
                  }
               ]
            }
         ]
      },
      {
         "ruleName": "Check for a behavior change for File setReadOnly, setWritable and canWrite methods",
         "ruleId": "JREFileSetReadOnlySetWritableForDirectory",
         "ruleHelpLocation": "/ruleinfo/appconversion/jre/170/JREFileSetReadOnlySetWritableForDirectory.html",
         "devCost": "0",
         "instanceCost": "0",
         "severity": "Information",
         "severityId": "info",
         "category": "Java SE version migration / Java SE 7 compatibility impacts",
         "categoryId": "appconversion.jre.category / appconversion.jre.170.category",
         "totalResults": 5,
         "results": [
            {
               "fileName": "modresorts-1_0_war.ear/modresorts-1.0.war/WEB-INF/lib/commons-io-1.4.jar/org/apache/commons/io/FileUtils.class",
               "details": [
                  {
                     "reference": "Method copyFile",
                     "match": "java.io.File.canWrite(*)",
                     "lineNumber": 650
                  },
                  {
                     "reference": "Method doCopyDirectory",
                     "match": "java.io.File.canWrite(*)",
                     "lineNumber": 915
                  },
                  {
                     "reference": "Method openOutputStream",
                     "match": "java.io.File.canWrite(*)",
                     "lineNumber": 168
                  }
               ]
            },
            {
               "fileName": "modresorts-1_0_war.ear/modresorts-1.0.war/WEB-INF/lib/commons-io-1.4.jar/org/apache/commons/io/filefilter/CanWriteFileFilter.class",
               "details": [
                  {
                     "reference": "Method accept",
                     "match": "java.io.File.canWrite(*)",
                     "lineNumber": 77
                  }
               ]
            },
            {
               "fileName": "modresorts-1_0_war.ear/modresorts-1.0.war/WEB-INF/lib/commons-io-1.4.jar/org/apache/commons/io/output/LockableFileWriter.class",
               "details": [
                  {
                     "reference": "Method testLockDir",
                     "match": "java.io.File.canWrite(*)",
                     "lineNumber": 199
                  }
               ]
            }
         ]
      },
      {
         "ruleName": "Check for a behavior change for URLConnection, HttpURLConnection getInputStream method",
         "ruleId": "JREUrlConnectionGetInputStream",
         "ruleHelpLocation": "/ruleinfo/appconversion/jre/170/JREUrlConnectionGetInputStream.html",
         "devCost": "0",
         "instanceCost": "0",
         "severity": "Information",
         "severityId": "info",
         "category": "Java SE version migration / Java SE 7 compatibility impacts",
         "categoryId": "appconversion.jre.category / appconversion.jre.170.category",
         "totalResults": 2,
         "results": [
            {
               "fileName": "modresorts-1_0_war.ear/modresorts-1.0.war/WEB-INF/classes/com/ibm/ta/modresorts/WeatherServlet.class",
               "details": [
                  {
                     "reference": "Method getRealTimeWeatherData",
                     "match": "java.net.HttpURLConnection.getInputStream(*)",
                     "lineNumber": 116
                  }
               ]
            },
            {
               "fileName": "modresorts-1_0_war.ear/modresorts-1.0.war/WEB-INF/lib/commons-logging-1.1.3.jar/org/apache/commons/logging/LogFactory$5.class",
               "details": [
                  {
                     "reference": "Method run",
                     "match": "java.net.URLConnection.getInputStream(*)",
                     "lineNumber": 1348
                  }
               ]
            }
         ]
      },
      {
         "ruleName": "Check for a behavior change for an empty TreeSet add and TreeMap put methods",
         "ruleId": "JRETreeSetTreeMapNPE",
         "ruleHelpLocation": "/ruleinfo/appconversion/jre/170/JRETreeSetTreeMapNPE.html",
         "devCost": "0",
         "instanceCost": "0",
         "severity": "Information",
         "severityId": "info",
         "category": "Java SE version migration / Java SE 7 compatibility impacts",
         "categoryId": "appconversion.jre.category / appconversion.jre.170.category",
         "totalResults": 1,
         "results": [
            {
               "fileName": "modresorts-1_0_war.ear/modresorts-1.0.war/WEB-INF/lib/httpclient-4.5.5.jar/org/apache/http/impl/client/BasicCookieStore.class",
               "details": [
                  {
                     "reference": "Method addCookie",
                     "match": "java.util.TreeSet.add(*)",
                     "lineNumber": 82
                  }
               ]
            }
         ]
      },
      {
         "ruleName": "Check for a behavior change on Locale getDefault method",
         "ruleId": "JRELocaleGetDefault",
         "ruleHelpLocation": "/ruleinfo/appconversion/jre/170/JRELocaleGetDefault.html",
         "devCost": "0",
         "instanceCost": "0",
         "severity": "Information",
         "severityId": "info",
         "category": "Java SE version migration / Java SE 7 compatibility impacts",
         "categoryId": "appconversion.jre.category / appconversion.jre.170.category",
         "totalResults": 2,
         "results": [
            {
               "fileName": "modresorts-1_0_war.ear/modresorts-1.0.war/WEB-INF/lib/httpcore-4.4.9.jar/org/apache/http/impl/DefaultHttpResponseFactory.class",
               "details": [
                  {
                     "reference": "Method determineLocale",
                     "match": "java.util.Locale.getDefault(*)",
                     "lineNumber": 109
                  }
               ]
            },
            {
               "fileName": "modresorts-1_0_war.ear/modresorts-1.0.war/WEB-INF/lib/httpcore-4.4.9.jar/org/apache/http/message/BasicHttpResponse.class",
               "details": [
                  {
                     "reference": "Method getReason",
                     "match": "java.util.Locale.getDefault(*)",
                     "lineNumber": 218
                  }
               ]
            }
         ]
      },
      {
         "ruleName": "Check for a behavior change on isLowerCase and isUpperCase methods",
         "ruleId": "JREcheckisLowerCaseisUpperCase",
         "ruleHelpLocation": "/ruleinfo/appconversion/jre/170/JREcheckisLowerCaseisUpperCase.html",
         "devCost": "0",
         "instanceCost": "0",
         "severity": "Information",
         "severityId": "info",
         "category": "Java SE version migration / Java SE 7 compatibility impacts",
         "categoryId": "appconversion.jre.category / appconversion.jre.170.category",
         "totalResults": 2,
         "results": [
            {
               "fileName": "modresorts-1_0_war.ear/modresorts-1.0.war/WEB-INF/lib/json-20180130.jar/org/json/JSONObject.class",
               "details": [
                  {
                     "reference": "Method populateMap",
                     "match": "java.lang.Character.isUpperCase(char)",
                     "lineNumber": 1449
                  },
                  {
                     "reference": "Method populateMap",
                     "match": "java.lang.Character.isUpperCase(char)",
                     "lineNumber": 1452
                  }
               ]
            }
         ]
      },
      {
         "ruleName": "Do not start unmanaged threads within the web or EJB container",
         "ruleId": "CreateThreadMethodsInWebOrEjbProject",
         "ruleHelpLocation": "/ruleinfo/appconversion/allservers/BehaviorCreateThread.html",
         "devCost": "0",
         "instanceCost": "0",
         "severity": "Warning",
         "severityId": "warning",
         "category": "All application servers",
         "categoryId": "com.ibm.ws.appconversion.all.category",
         "totalResults": 2,
         "results": [
            {
               "fileName": "modresorts-1_0_war.ear/modresorts-1.0.war/WEB-INF/lib/commons-io-1.4.jar/org/apache/commons/io/FileCleaningTracker.class",
               "details": [
                  {
                     "reference": "Method addTracker",
                     "match": "java.lang.Thread.start(*)",
                     "lineNumber": 136
                  }
               ]
            },
            {
               "fileName": "modresorts-1_0_war.ear/modresorts-1.0.war/WEB-INF/lib/httpclient-4.5.5.jar/org/apache/http/impl/client/IdleConnectionEvictor.class",
               "details": [
                  {
                     "reference": "Method start",
                     "match": "java.lang.Thread.start(*)",
                     "lineNumber": 96
                  }
               ]
            }
         ]
      },
      {
         "ruleName": "Handling application configuration in Docker containers",
         "ruleId": "DetectPropertiesFiles",
         "ruleHelpLocation": "/ruleinfo/appmigration/cloud/DetectPropertiesFiles.html",
         "devCost": "0",
         "instanceCost": "0",
         "severity": "Warning",
         "severityId": "warning",
         "category": "Containers (OpenShift, Kubernetes)",
         "categoryId": "appconversion.cloud.category.docker",
         "totalResults": 6,
         "results": [
            {
               "fileName": "modresorts-1_0_war.ear/modresorts-1.0.war/WEB-INF/lib/commons-logging-1.1.3.jar/org/apache/commons/logging/LogFactory$5.class",
               "details": [
                  {
                     "reference": "Method run",
                     "match": "java.util.Properties.load(*)",
                     "lineNumber": 1351
                  }
               ]
            },
            {
               "fileName": "modresorts-1_0_war.ear/modresorts-1.0.war/WEB-INF/lib/commons-logging-1.1.3.jar/org/apache/commons/logging/impl/SimpleLog.class",
               "details": [
                  {
                     "reference": "Static initializer",
                     "match": "java.util.Properties.load(*)",
                     "lineNumber": 163
                  }
               ]
            },
            {
               "fileName": "modresorts-1_0_war.ear/modresorts-1.0.war/WEB-INF/lib/httpclient-4.5.5.jar/org/apache/http/client/version.properties",
               "details": [
                  {
                     "reference": null,
                     "match": "(.*)?\\.properties",
                     "lineNumber": 0
                  }
               ]
            },
            {
               "fileName": "modresorts-1_0_war.ear/modresorts-1.0.war/WEB-INF/lib/httpcore-4.4.9.jar/org/apache/http/util/VersionInfo.class",
               "details": [
                  {
                     "reference": "Method loadVersionInfo",
                     "match": "java.util.Properties.load(*)",
                     "lineNumber": 238
                  }
               ]
            },
            {
               "fileName": "modresorts-1_0_war.ear/modresorts-1.0.war/WEB-INF/lib/httpcore-4.4.9.jar/org/apache/http/version.properties",
               "details": [
                  {
                     "reference": null,
                     "match": "(.*)?\\.properties",
                     "lineNumber": 0
                  }
               ]
            },
            {
               "fileName": "modresorts-1_0_war.ear/modresorts-1.0.war/WEB-INF/lib/httpmime-4.5.5.jar/org/apache/http/entity/mime/version.properties",
               "details": [
                  {
                     "reference": null,
                     "match": "(.*)?\\.properties",
                     "lineNumber": 0
                  }
               ]
            }
         ]
      },
      {
         "ruleName": "Managing data inside and between Docker containers",
         "ruleId": "FileSystemRule",
         "ruleHelpLocation": "/ruleinfo/appmigration/cloud/FileSystemRule.html",
         "devCost": "0",
         "instanceCost": "0",
         "severity": "Warning",
         "severityId": "warning",
         "category": "Containers (OpenShift, Kubernetes)",
         "categoryId": "appconversion.cloud.category.docker",
         "totalResults": 39,
         "results": [
            {
               "fileName": "modresorts-1_0_war.ear/modresorts-1.0.war/WEB-INF/lib/commons-fileupload-1.3.3.jar/org/apache/commons/fileupload/disk/DiskFileItem.class",
               "details": [
                  {
                     "reference": "Method write",
                     "match": "java.io.FileOutputStream",
                     "lineNumber": 400
                  },
                  {
                     "reference": "Method write",
                     "match": "java.io.FileOutputStream",
                     "lineNumber": 401
                  },
                  {
                     "reference": "Method write",
                     "match": "java.io.FileOutputStream",
                     "lineNumber": 404
                  },
                  {
                     "reference": "Method write",
                     "match": "java.io.FileOutputStream",
                     "lineNumber": 423
                  },
                  {
                     "reference": "Method write",
                     "match": "java.io.FileOutputStream",
                     "lineNumber": 452
                  }
               ]
            },
            {
               "fileName": "modresorts-1_0_war.ear/modresorts-1.0.war/WEB-INF/lib/commons-io-1.4.jar/org/apache/commons/io/FileUtils.class",
               "details": [
                  {
                     "reference": "Method copyDirectory",
                     "match": "org.apache.commons.io.FileUtils.copyDirectory(*)",
                     "lineNumber": 745
                  },
                  {
                     "reference": "Method copyDirectory",
                     "match": "org.apache.commons.io.FileUtils.copyDirectory(*)",
                     "lineNumber": 770
                  },
                  {
                     "reference": "Method copyDirectory",
                     "match": "org.apache.commons.io.FileUtils.copyDirectory(*)",
                     "lineNumber": 814
                  },
                  {
                     "reference": "Method copyDirectoryToDirectory",
                     "match": "org.apache.commons.io.FileUtils.copyDirectory(*)",
                     "lineNumber": 722
                  },
                  {
                     "reference": "Method copyFile",
                     "match": "org.apache.commons.io.FileUtils.copyFile(*)",
                     "lineNumber": 607
                  },
                  {
                     "reference": "Method copyFileToDirectory",
                     "match": "org.apache.commons.io.FileUtils.copyFile(*)",
                     "lineNumber": 587
                  },
                  {
                     "reference": "Method copyFileToDirectory",
                     "match": "org.apache.commons.io.FileUtils.copyFileToDirectory(*)",
                     "lineNumber": 558
                  },
                  {
                     "reference": "Method copyURLToFile",
                     "match": "java.io.FileOutputStream",
                     "lineNumber": 954
                  },
                  {
                     "reference": "Method copyURLToFile",
                     "match": "java.io.FileOutputStream",
                     "lineNumber": 963
                  },
                  {
                     "reference": "Method doCopyFile",
                     "match": "java.io.FileOutputStream",
                     "lineNumber": 671
                  },
                  {
                     "reference": "Method doCopyFile",
                     "match": "java.io.FileOutputStream",
                     "lineNumber": 688
                  },
                  {
                     "reference": "Method moveDirectory",
                     "match": "org.apache.commons.io.FileUtils.copyDirectory(*)",
                     "lineNumber": 1743
                  },
                  {
                     "reference": "Method moveDirectoryToDirectory",
                     "match": "org.apache.commons.io.FileUtils.moveDirectory(*)",
                     "lineNumber": 1781
                  },
                  {
                     "reference": "Method moveFile",
                     "match": "org.apache.commons.io.FileUtils.copyFile(*)",
                     "lineNumber": 1818
                  },
                  {
                     "reference": "Method moveFileToDirectory",
                     "match": "org.apache.commons.io.FileUtils.moveFile(*)",
                     "lineNumber": 1856
                  },
                  {
                     "reference": "Method moveToDirectory",
                     "match": "org.apache.commons.io.FileUtils.moveDirectoryToDirectory(*)",
                     "lineNumber": 1884
                  },
                  {
                     "reference": "Method moveToDirectory",
                     "match": "org.apache.commons.io.FileUtils.moveFileToDirectory(*)",
                     "lineNumber": 1886
                  },
                  {
                     "reference": "Method openOutputStream",
                     "match": "java.io.FileOutputStream",
                     "lineNumber": 179
                  },
                  {
                     "reference": "Method openOutputStream - Method return type",
                     "match": "java.io.FileOutputStream",
                     "lineNumber": 0
                  },
                  {
                     "reference": "Method touch",
                     "match": "java.io.FileOutputStream",
                     "lineNumber": 220
                  },
                  {
                     "reference": "Method writeByteArrayToFile",
                     "match": "java.io.FileOutputStream",
                     "lineNumber": 1282
                  },
                  {
                     "reference": "Method writeLines",
                     "match": "java.io.FileOutputStream",
                     "lineNumber": 1341
                  },
                  {
                     "reference": "Method writeLines",
                     "match": "org.apache.commons.io.FileUtils.writeLines(*)",
                     "lineNumber": 1305
                  },
                  {
                     "reference": "Method writeLines",
                     "match": "org.apache.commons.io.FileUtils.writeLines(*)",
                     "lineNumber": 1319
                  },
                  {
                     "reference": "Method writeLines",
                     "match": "org.apache.commons.io.FileUtils.writeLines(*)",
                     "lineNumber": 1360
                  },
                  {
                     "reference": "Method writeStringToFile",
                     "match": "java.io.FileOutputStream",
                     "lineNumber": 1250
                  },
                  {
                     "reference": "Method writeStringToFile",
                     "match": "org.apache.commons.io.FileUtils.writeStringToFile(*)",
                     "lineNumber": 1265
                  }
               ]
            },
            {
               "fileName": "modresorts-1_0_war.ear/modresorts-1.0.war/WEB-INF/lib/commons-io-1.4.jar/org/apache/commons/io/output/DeferredFileOutputStream.class",
               "details": [
                  {
                     "reference": "Method thresholdReached",
                     "match": "java.io.FileOutputStream",
                     "lineNumber": 165
                  },
                  {
                     "reference": "Method thresholdReached",
                     "match": "java.io.FileOutputStream",
                     "lineNumber": 169
                  }
               ]
            },
            {
               "fileName": "modresorts-1_0_war.ear/modresorts-1.0.war/WEB-INF/lib/commons-io-1.4.jar/org/apache/commons/io/output/FileWriterWithEncoding.class",
               "details": [
                  {
                     "reference": "Method initWriter",
                     "match": "java.io.FileOutputStream",
                     "lineNumber": 233
                  }
               ]
            },
            {
               "fileName": "modresorts-1_0_war.ear/modresorts-1.0.war/WEB-INF/lib/commons-io-1.4.jar/org/apache/commons/io/output/LockableFileWriter.class",
               "details": [
                  {
                     "reference": "Method initWriter",
                     "match": "java.io.FileOutputStream",
                     "lineNumber": 238
                  },
                  {
                     "reference": "Method initWriter",
                     "match": "java.io.FileWriter",
                     "lineNumber": 236
                  }
               ]
            },
            {
               "fileName": "modresorts-1_0_war.ear/modresorts-1.0.war/WEB-INF/lib/commons-logging-1.1.3.jar/org/apache/commons/logging/LogFactory.class",
               "details": [
                  {
                     "reference": "Method initDiagnostics",
                     "match": "java.io.FileOutputStream",
                     "lineNumber": 1519
                  },
                  {
                     "reference": "Method initDiagnostics",
                     "match": "java.io.FileOutputStream",
                     "lineNumber": 1523
                  }
               ]
            }
         ]
      },
      {
         "ruleName": "Validate the URL host and port for cloud access",
         "ruleId": "URLRuleDockerCloud",
         "ruleHelpLocation": "/ruleinfo/appmigration/cloud/UrlRule.html",
         "devCost": "0",
         "instanceCost": "0",
         "severity": "Warning",
         "severityId": "warning",
         "category": "Connectivity considerations for IBM Cloud (Containers and Virtual machines)",
         "categoryId": "appconversion.cloud.category.connectivity.dockerAndWASOnCloud",
         "totalResults": 1,
         "results": [
            {
               "fileName": "modresorts-1_0_war.ear/modresorts-1.0.war",
               "details": [
                  {
                     "reference": "2",
                     "match": "http://api.wunderground.com/api/",
                     "lineNumber": 0
                  }
               ]
            }
         ]
      }
   ]
}