<?xml version="1.0" encoding="UTF-8"?><server description="Configuration generated by binaryAppScanner">
    <featureManager>
        <!--The following features are available in Open Liberty.-->
        <feature>jndi-1.0</feature>
        <feature>servlet-3.1</feature>
        <feature>transportSecurity-1.0</feature>
    </featureManager>

    <!-- This configuration was migrated on 14/04/22 at 08:04:00 from the following location: /usr/IBM/WAS855ND/profiles/Dmgr01 -->
    <!-- The binary scanner does not support the migration of all WebSphere traditional configuration elements. Check the binary scanner documentation for the list of supported configuration elements. -->
    <applicationManager autoExpand="true"/>

    <httpEndpoint host="${httpEndpoint_host_1}" httpPort="${httpEndpoint_port_1}" httpsPort="${httpEndpoint_secure_port_1}" id="defaultHttpEndpoint"/>

    <webApplication contextRoot="/resorts" location="modresorts-1.0.war"/>

    <keyStore id="NodeDefaultKeyStore" location="${NodeDefaultKeyStore_location_1}" password="${NodeDefaultKeyStore_password_1}"/>

    <keyStore id="CellDefaultTrustStore" location="${CellDefaultTrustStore_location_1}" password="${CellDefaultTrustStore_password_1}"/>

    <ssl id="NodeDefaultSSLSettings" keyStoreRef="NodeDefaultKeyStore" sslProtocol="${NodeDefaultSSLSettings_sslProtocol_1}" trustStoreRef="CellDefaultTrustStore"/>

    <sslDefault sslRef="NodeDefaultSSLSettings"/>

    
    

    <!-- The following variables, which often differ between environments, have been extracted from the migrated configuration to allow for easy substitution. -->
    <variable defaultValue="modresorts-1_0_war_ear_Default01Cell_CellDefaultTrustStore_trust.p12" name="CellDefaultTrustStore_location_1"/>
    <variable defaultValue="*" name="httpEndpoint_host_1"/>
    <variable defaultValue="9080" name="httpEndpoint_port_1"/>
    <variable defaultValue="9443" name="httpEndpoint_secure_port_1"/>
    <variable defaultValue="modresorts-1_0_war_ear_AppSrv1Node_NodeDefaultKeyStore_key.p12" name="NodeDefaultKeyStore_location_1"/>
    <variable defaultValue="TLS" name="NodeDefaultSSLSettings_sslProtocol_1"/>
<variable defaultValue="" name="CellDefaultTrustStore_password_1"/>
<variable defaultValue="" name="NodeDefaultKeyStore_password_1"/>
</server>