{
   "report": "analysis",
   "version": "1.4",
   "productVersion": "21.0.0.4",
   "productRelease": "21.0.0.4",
   "buildID": "v20211110_0002",
   "options": [
      "--sourceAppServer=was855",
      "--sourceJava=ibm6",
      "--targetAppServer=was855",
      "--targetJava=ibm8",
      "--targetCloud=containers",
      "--includeHelpLocation",
      "--maxUserDefinedRuleResults=100",
      "--userRuleLocation=/home/ibmdemo/Downloads/transformationadvisor-3.0.0/conf/userDefinedRules"
   ],
   "totalRulesFlagged": 8,
   "filesAffected": 15,
   "totalResults": 17,
   "severitySummary": [
      {
         "severity": "Warning",
         "severityId": "warning",
         "totalRulesFlagged": 7,
         "totalResults": 14
      },
      {
         "severity": "Information",
         "severityId": "info",
         "totalRulesFlagged": 1,
         "totalResults": 3
      }
   ],
   "applications": [
      "/usr/IBM/WAS855ND/profiles/Dmgr01/config/cells/Default01Cell/applications/WebSphereBank.ear/WebSphereBank.ear"
   ],
   "rules": [
      {
         "ruleName": "Behavior change in rounding in NumberFormat and DecimalFormat format methods",
         "ruleId": "NumberFormatRounding",
         "ruleHelpLocation": "/ruleinfo/appconversion/jre/180/JRE8NumberFormatRounding.html",
         "devCost": "0",
         "instanceCost": "0",
         "severity": "Information",
         "severityId": "info",
         "category": "Java SE version migration / Java SE 8 compatibility impacts",
         "categoryId": "appconversion.jre.category / appconversion.jre.180.category",
         "totalResults": 3,
         "results": [
            {
               "fileName": "WebSphereBank.ear/WebSphereBankWeb.war/WEB-INF/classes/com/ibm/websphere/samples/bank/web/GetBalanceServlet.class",
               "details": [
                  {
                     "reference": "Method performTask",
                     "match": "java.text.DecimalFormat.format(double)",
                     "lineNumber": 133
                  }
               ]
            },
            {
               "fileName": "WebSphereBank.ear/WebSphereBankWeb.war/WEB-INF/classes/com/ibm/websphere/samples/bank/web/TransferFundsServlet.class",
               "details": [
                  {
                     "reference": "Method performTask",
                     "match": "java.text.DecimalFormat.format(double)",
                     "lineNumber": 164
                  },
                  {
                     "reference": "Method performTask",
                     "match": "java.text.DecimalFormat.format(double)",
                     "lineNumber": 165
                  }
               ]
            }
         ]
      },
      {
         "ruleName": "Databases",
         "ruleId": "DatabasesSQLRule",
         "ruleHelpLocation": "/ruleinfo/appmigration/cloud/Databases.html",
         "devCost": "0",
         "instanceCost": "0",
         "severity": "Warning",
         "severityId": "warning",
         "category": "Technology connectivity considerations for IBM Cloud",
         "categoryId": "appconversion.cloud.category.technology.connectivity",
         "totalResults": 1,
         "results": [
            {
               "fileName": "WebSphereBank.ear/WebSphereBankEJB.jar/com/ibm/websphere/samples/bank/ejb/websphere_deploy/DB2UDBNT_V82_1/AccountBeanFunctionSet_59af84b8.class",
               "details": [
                  {
                     "reference": "Method Create - Catch exception",
                     "match": "java.sql",
                     "lineNumber": 0
                  }
               ]
            }
         ],
         "referencedClasses": [
            {
               "class": "java.sql.PreparedStatement",
               "total": 242
            },
            {
               "class": "java.sql.ResultSet",
               "total": 22
            },
            {
               "class": "java.sql.SQLException",
               "total": 50
            }
         ]
      },
      {
         "ruleName": "Handling application configuration in Docker containers",
         "ruleId": "DetectPropertiesFiles",
         "ruleHelpLocation": "/ruleinfo/appmigration/cloud/DetectPropertiesFiles.html",
         "devCost": "0",
         "instanceCost": "0",
         "severity": "Warning",
         "severityId": "warning",
         "category": "Containers (OpenShift, Kubernetes)",
         "categoryId": "appconversion.cloud.category.docker",
         "totalResults": 3,
         "results": [
            {
               "fileName": "WebSphereBank.ear/WebSphereBankEJB.jar/META-INF/backends/DB2UDBNT_V82_1/ibm_pmbab.properties",
               "details": [
                  {
                     "reference": null,
                     "match": "(.*)?\\.properties",
                     "lineNumber": 0
                  }
               ]
            },
            {
               "fileName": "WebSphereBank.ear/WebSphereBankEJB.jar/META-INF/ibm_ejbext.properties",
               "details": [
                  {
                     "reference": null,
                     "match": "(.*)?\\.properties",
                     "lineNumber": 0
                  }
               ]
            },
            {
               "fileName": "WebSphereBank.ear/WebSphereBankWeb.war/WEB-INF/properties/bank_messages.properties",
               "details": [
                  {
                     "reference": null,
                     "match": "(.*)?\\.properties",
                     "lineNumber": 0
                  }
               ]
            }
         ]
      },
      {
         "ruleName": "Java EE security",
         "ruleId": "ApplicationSecurityRule",
         "ruleHelpLocation": "/ruleinfo/appmigration/cloud/ApplicationSecurity.html",
         "devCost": "0",
         "instanceCost": "0",
         "severity": "Warning",
         "severityId": "warning",
         "category": "Technology connectivity considerations for IBM Cloud",
         "categoryId": "appconversion.cloud.category.technology.connectivity",
         "totalResults": 2,
         "results": [
            {
               "fileName": "WebSphereBank.ear/WebSphereBankEJB.jar/META-INF/ejb-jar.xml",
               "details": [
                  {
                     "reference": null,
                     "match": "method-permission",
                     "lineNumber": 140
                  }
               ]
            },
            {
               "fileName": "WebSphereBank.ear/WebSphereBankWeb.war/WEB-INF/web.xml",
               "details": [
                  {
                     "reference": null,
                     "match": "security-constraint",
                     "lineNumber": 87
                  }
               ]
            }
         ]
      },
      {
         "ruleName": "Java Message Service (JMS)",
         "ruleId": "JMSRule",
         "ruleHelpLocation": "/ruleinfo/appmigration/cloud/JMS.html",
         "devCost": "0",
         "instanceCost": "0",
         "severity": "Warning",
         "severityId": "warning",
         "category": "Technology connectivity considerations for IBM Cloud (not Liberty Core)",
         "categoryId": "appconversion.cloud.category.technology.connectivity.noLibertyCore",
         "totalResults": 1,
         "results": [
            {
               "fileName": "WebSphereBank.ear/TransferClient.jar/com/ibm/websphere/samples/bank/client/TransferClient.class",
               "details": [
                  {
                     "reference": "Method sendMessage",
                     "match": "javax.jms.ConnectionFactory",
                     "lineNumber": 53
                  }
               ]
            }
         ]
      },
      {
         "ruleName": "Remote EJB lookups",
         "ruleId": "RemoteEJBLookupsRule",
         "ruleHelpLocation": "/ruleinfo/appmigration/cloud/RemoteEJBLookups.html",
         "devCost": "0",
         "instanceCost": "0",
         "severity": "Warning",
         "severityId": "warning",
         "category": "Technology connectivity considerations for IBM Cloud (not Liberty Core)",
         "categoryId": "appconversion.cloud.category.technology.connectivity.noLibertyCore",
         "totalResults": 3,
         "results": [
            {
               "fileName": "WebSphereBank.ear/FindAccounts.jar/META-INF/application-client.xml",
               "details": [
                  {
                     "reference": null,
                     "match": "home",
                     "lineNumber": 8
                  }
               ]
            },
            {
               "fileName": "WebSphereBank.ear/GetAccounts.jar/META-INF/application-client.xml",
               "details": [
                  {
                     "reference": null,
                     "match": "home",
                     "lineNumber": 7
                  }
               ]
            },
            {
               "fileName": "WebSphereBank.ear/WebSphereBankWeb.war/WEB-INF/web.xml",
               "details": [
                  {
                     "reference": null,
                     "match": "home",
                     "lineNumber": 163
                  }
               ]
            }
         ]
      },
      {
         "ruleName": "Remote EJB providers",
         "ruleId": "RemoteEJBProvidersRule",
         "ruleHelpLocation": "/ruleinfo/appmigration/cloud/RemoteEJBProviders.html",
         "devCost": "0",
         "instanceCost": "0",
         "severity": "Warning",
         "severityId": "warning",
         "category": "Technology connectivity considerations for IBM Cloud (not Liberty Core)",
         "categoryId": "appconversion.cloud.category.technology.connectivity.noLibertyCore",
         "totalResults": 3,
         "results": [
            {
               "fileName": "WebSphereBank.ear/WebSphereBankEJB.jar/com/ibm/ejs/container/_EJSWrapper_Tie.class",
               "details": [
                  {
                     "reference": "Method _get_EJBHome",
                     "match": "javax.ejb.EJBHome",
                     "lineNumber": 0
                  }
               ]
            },
            {
               "fileName": "WebSphereBank.ear/WebSphereBankWeb.war/WEB-INF/lib/WsaEJBDeployUtility.jar/com/ibm/websphere/samples/bank/ejb/_CustomerHome_Stub.class",
               "details": [
                  {
                     "reference": "Method getEJBMetaData",
                     "match": "javax.ejb.EJBHome",
                     "lineNumber": 0
                  }
               ]
            },
            {
               "fileName": "WebSphereBank.ear/WsaEJBDeployUtility.jar/com/ibm/websphere/samples/bank/ejb/_CustomerHome_Stub.class",
               "details": [
                  {
                     "reference": "Method getEJBMetaData",
                     "match": "javax.ejb.EJBHome",
                     "lineNumber": 0
                  }
               ]
            }
         ]
      },
      {
         "ruleName": "Validate the URL host and port for cloud access",
         "ruleId": "URLRuleDockerCloud",
         "ruleHelpLocation": "/ruleinfo/appmigration/cloud/UrlRule.html",
         "devCost": "0",
         "instanceCost": "0",
         "severity": "Warning",
         "severityId": "warning",
         "category": "Connectivity considerations for IBM Cloud (Containers and Virtual machines)",
         "categoryId": "appconversion.cloud.category.connectivity.dockerAndWASOnCloud",
         "totalResults": 1,
         "results": [
            {
               "fileName": "WebSphereBank.ear/WebSphereBankWeb.war",
               "details": [
                  {
                     "reference": "1",
                     "match": "iiop://localhost:900",
                     "lineNumber": 0
                  }
               ]
            }
         ]
      }
   ]
}