{
   "report": "inventory",
   "version": "3.1",
   "productVersion": "21.0.0.4",
   "productRelease": "21.0.0.4",
   "buildID": "v20211110_0002",
   "options": [
      "--includeHelpLocation",
      "--maxUserDefinedRuleResults=100",
      "--userRuleLocation=/home/ibmdemo/Downloads/transformationadvisor-3.0.0/conf/userDefinedRules"
   ],
   "applications": [
      "/usr/IBM/WAS855ND/profiles/Dmgr01/config/cells/Default01Cell/applications/WebSphereBank.ear/WebSphereBank.ear"
   ],
   "sharedLibraries": [
   ],
   "archives": {
      "ears": 1,
      "wars": 1,
      "rars": 0,
      "ejbs": 1,
      "webFragments": 0,
      "utilityJars": 2,
      "appClients": 3
   },
   "summary": {
      "servlets": 7,
      "jsps": 16,
      "jpaEntities": 0,
      "bmpEntityBeans": 0,
      "cmpEntityBeans": 2,
      "messageDrivenBeans": 0,
      "singletonSessionBeans": 0,
      "statefulSessionBeans": 0,
      "statelessSessionBeans": 1,
      "jaxrpcConsumers": 0,
      "jaxrpcProviders": 0,
      "jaxrsConsumers": 0,
      "jaxrsProviders": 0,
      "jaxwsConsumers": 0,
      "jaxwsProviders": 0,
      "springBeans": 0
   },
   "archiveInventory": [
      {
         "archiveName": "/usr/IBM/WAS855ND/profiles/Dmgr01/config/cells/Default01Cell/applications/WebSphereBank.ear/WebSphereBank.ear",
         "moduleType": "Enterprise archive",
         "moduleVersion": "1.4",
         "metadataComplete": null,
         "moduleSize": 277979,
         "checksum": "d38f6f7ae334f9adc494531da450e0451cb28626954e7d7e796728bef456ad4f",
         "archives": {
            "wars": 1,
            "rars": 0,
            "ejbs": 1,
            "utilityJars": 2,
            "appClients": 3
         },
         "summary": {
            "servlets": 7,
            "jsps": 16,
            "jpaEntities": 0,
            "bmpEntityBeans": 0,
            "cmpEntityBeans": 2,
            "messageDrivenBeans": 0,
            "singletonSessionBeans": 0,
            "statefulSessionBeans": 0,
            "statelessSessionBeans": 1,
            "jaxrpcConsumers": 0,
            "jaxrpcProviders": 0,
            "jaxrsConsumers": 0,
            "jaxrsProviders": 0,
            "jaxwsConsumers": 0,
            "jaxwsProviders": 0,
            "springBeans": 0
         },
         "potentialDeploymentProblemsSummary": {
            "archivesContainingDuplicateClasses": 3,
            "archivesContainingJavaEEorSEClasses": 3,
            "archivesContainingConflictingOpenSourceSoftwareClasses": 0,
            "archivesContainingWebSphereClasses": 1,
            "archivesNotReferencedInTheApplication": 0,
            "archivesWithMissingDependenciesInTheApplication": 2,
            "classesWithSystemLevelJVMConfiguration": 0,
            "sharedLibrariesReferencingApplicationClasses": 0
         },
         "potentialDeploymentProblemsDetails": [
            {
               "duplicateClassesWithinClassLoader": [
               ]
            },
            {
               "duplicateClassesAcrossApplication": [
                  {
                     "conflictingPackages": [
                        "com.ibm.websphere.samples.bank.ejb",
                        "org.omg.stub.java.lang",
                        "org.omg.stub.java.util",
                        "org.omg.stub.javax.ejb"
                     ],
                     "packageLocation": [
                        "WebSphereBankEJB.jar",
                        "WebSphereBankWeb.war/WEB-INF/lib/WsaEJBDeployUtility.jar",
                        "WsaEJBDeployUtility.jar"
                     ]
                  }
               ]
            },
            {
               "javaEEandSEClasses": [
                  {
                     "conflictingPackages": [
                        "org.omg.stub.java.lang",
                        "org.omg.stub.java.util",
                        "org.omg.stub.javax.ejb"
                     ],
                     "packageLocation": [
                        "WebSphereBankEJB.jar",
                        "WebSphereBankWeb.war/WEB-INF/lib/WsaEJBDeployUtility.jar",
                        "WsaEJBDeployUtility.jar"
                     ]
                  }
               ]
            },
            {
               "duplicateWebSphereClasses": [
                  {
                     "conflictingPackages": [
                        "com.ibm.websphere.csi",
                        "com.ibm.ws.ejbdeploy.JWebSphereBankEJB.DB2UDBNT_V82_1"
                     ],
                     "packageLocation": [
                        "WebSphereBankEJB.jar"
                     ]
                  }
               ]
            },
            {
               "openSourceSoftwareClasses": [
               ]
            },
            {
               "archivesNotReferenced": [
               ]
            },
            {
               "missingDependencies": [
                  {
                     "missingDependencies": [
                        "com.ibm.ObjectQuery.metadata"
                     ],
                     "archive": [
                        "WebSphereBankEJB.jar"
                     ]
                  },
                  {
                     "missingDependencies": [
                        "com.ibm.websphere.samples.bank.adapter"
                     ],
                     "archive": [
                        "WebSphereBankWeb.war"
                     ]
                  }
               ]
            },
            {
               "classesWithSystemLevelJVMConfiguration": [
               ]
            },
            {
               "sharedLibraryDependencies": [
               ]
            }
         ],
         "performanceConsiderations": {
            "archivesThatAreCandidatesForMetadataCompleteTrueAttribute": [
            ],
            "webModulesWithExcessiveClassFiles": [
            ],
            "webModulesWithExcessiveStaticResources": [
            ]
         },
         "operationalConsiderations": {
            "deploymentTargets": {
               "nonClusteredServers": [
                  {
                     "name": "server1",
                     "node": "AppSrv1Node"
                  }
               ]
            }
         },
         "containedArchiveInventory": [
            {
               "archiveName": "/usr/IBM/WAS855ND/profiles/Dmgr01/config/cells/Default01Cell/applications/WebSphereBank.ear/WebSphereBank.ear/FindAccounts.jar",
               "moduleType": "Application client module",
               "moduleVersion": "1.4",
               "metadataComplete": "true",
               "checksum": "a70410255b587d107126339d69b952fccf5e7c130a3f9295b35df40c441ae0d5",
               "summary": {
                  "servlets": 0,
                  "jsps": 0,
                  "jpaEntities": 0,
                  "bmpEntityBeans": 0,
                  "cmpEntityBeans": 0,
                  "messageDrivenBeans": 0,
                  "singletonSessionBeans": 0,
                  "statefulSessionBeans": 0,
                  "statelessSessionBeans": 0,
                  "jaxrpcConsumers": 0,
                  "jaxrpcProviders": 0,
                  "jaxrsConsumers": 0,
                  "jaxrsProviders": 0,
                  "jaxwsConsumers": 0,
                  "jaxwsProviders": 0,
                  "springBeans": 0
               }
            },
            {
               "archiveName": "/usr/IBM/WAS855ND/profiles/Dmgr01/config/cells/Default01Cell/applications/WebSphereBank.ear/WebSphereBank.ear/GetAccounts.jar",
               "moduleType": "Application client module",
               "moduleVersion": "1.4",
               "metadataComplete": "true",
               "checksum": "66346d730b107ab95078fda6d7f2c3700fc88046330dd4a2126d22f9e828f181",
               "summary": {
                  "servlets": 0,
                  "jsps": 0,
                  "jpaEntities": 0,
                  "bmpEntityBeans": 0,
                  "cmpEntityBeans": 0,
                  "messageDrivenBeans": 0,
                  "singletonSessionBeans": 0,
                  "statefulSessionBeans": 0,
                  "statelessSessionBeans": 0,
                  "jaxrpcConsumers": 0,
                  "jaxrpcProviders": 0,
                  "jaxrsConsumers": 0,
                  "jaxrsProviders": 0,
                  "jaxwsConsumers": 0,
                  "jaxwsProviders": 0,
                  "springBeans": 0
               }
            },
            {
               "archiveName": "/usr/IBM/WAS855ND/profiles/Dmgr01/config/cells/Default01Cell/applications/WebSphereBank.ear/WebSphereBank.ear/TransferClient.jar",
               "moduleType": "Application client module",
               "moduleVersion": "1.4",
               "metadataComplete": "true",
               "checksum": "99879bd61e5b2850081ef2d36ce1e6afb454adbecb3077e21245e67122527749",
               "summary": {
                  "servlets": 0,
                  "jsps": 0,
                  "jpaEntities": 0,
                  "bmpEntityBeans": 0,
                  "cmpEntityBeans": 0,
                  "messageDrivenBeans": 0,
                  "singletonSessionBeans": 0,
                  "statefulSessionBeans": 0,
                  "statelessSessionBeans": 0,
                  "jaxrpcConsumers": 0,
                  "jaxrpcProviders": 0,
                  "jaxrsConsumers": 0,
                  "jaxrsProviders": 0,
                  "jaxwsConsumers": 0,
                  "jaxwsProviders": 0,
                  "springBeans": 0
               }
            },
            {
               "archiveName": "/usr/IBM/WAS855ND/profiles/Dmgr01/config/cells/Default01Cell/applications/WebSphereBank.ear/WebSphereBank.ear/WebSphereBankEJB.jar",
               "moduleType": "EJB module",
               "moduleVersion": "2.1",
               "metadataComplete": "true",
               "checksum": "88564f4cd1eda6a2314e43ef038645e6e69811179aaf9a17951616cd645c0b49",
               "summary": {
                  "servlets": 0,
                  "jsps": 0,
                  "jpaEntities": 0,
                  "bmpEntityBeans": 0,
                  "cmpEntityBeans": 2,
                  "messageDrivenBeans": 0,
                  "singletonSessionBeans": 0,
                  "statefulSessionBeans": 0,
                  "statelessSessionBeans": 1,
                  "jaxrpcConsumers": 0,
                  "jaxrpcProviders": 0,
                  "jaxrsConsumers": 0,
                  "jaxrsProviders": 0,
                  "jaxwsConsumers": 0,
                  "jaxwsProviders": 0,
                  "springBeans": 0
               }
            },
            {
               "archiveName": "/usr/IBM/WAS855ND/profiles/Dmgr01/config/cells/Default01Cell/applications/WebSphereBank.ear/WebSphereBank.ear/WebSphereBankWeb.war",
               "moduleType": "Web module",
               "moduleVersion": "2.4",
               "metadataComplete": "true",
               "checksum": "7a26b37bfe01e9fc550ccbd842812292288317c2020e486a3250f31254d516d8",
               "archives": {
                  "ejbs": 0,
                  "webFragments": 0,
                  "utilityJars": 1
               },
               "summary": {
                  "servlets": 7,
                  "jsps": 16,
                  "jpaEntities": 0,
                  "bmpEntityBeans": 0,
                  "cmpEntityBeans": 0,
                  "messageDrivenBeans": 0,
                  "singletonSessionBeans": 0,
                  "statefulSessionBeans": 0,
                  "statelessSessionBeans": 0,
                  "jaxrpcConsumers": 0,
                  "jaxrpcProviders": 0,
                  "jaxrsConsumers": 0,
                  "jaxrsProviders": 0,
                  "jaxwsConsumers": 0,
                  "jaxwsProviders": 0,
                  "springBeans": 0
               },
               "containedArchiveInventory": [
                  {
                     "archiveName": "/usr/IBM/WAS855ND/profiles/Dmgr01/config/cells/Default01Cell/applications/WebSphereBank.ear/WebSphereBank.ear/WebSphereBankWeb.war/WEB-INF/lib/WsaEJBDeployUtility.jar",
                     "moduleType": "Utility JAR",
                     "checksum": "36357f85c34fdc2ac60f59b4d12ceebd2f9447208bc7f85d109bb115eaad8bfb",
                     "containedPackages": [
                        "com.ibm.websphere",
                        "org.omg.stub"
                     ]
                  }
               ]
            },
            {
               "archiveName": "/usr/IBM/WAS855ND/profiles/Dmgr01/config/cells/Default01Cell/applications/WebSphereBank.ear/WebSphereBank.ear/WsaEJBDeployUtility.jar",
               "moduleType": "Utility JAR",
               "checksum": "b51f43fb84b5d4dc13c1641f24f49d8796405d43996c8640e375aee4d2f1adb4",
               "containedPackages": [
                  "com.ibm.websphere",
                  "org.omg.stub"
               ]
            }
         ]
      }
   ],
   "sharedLibraryDetails": [
   ]
}