{
  "domain": "javaAppServer",
  "middleware": "was",
  "host": "RHEL7WAS2.tec.uk.ibm.com",
  "assessmentUnitName": "WebSphereBank.ear",
  "applicationName": "WebSphereBank.ear",
  "dcVersion": "3.0.0",
  "collectionUnitType": "profile",
  "collectionUnitName": "Dmgr01",
  "isVirtual": "false",
  "serverXml": {
    "server": {
      "description": "Configuration generated by binaryAppScanner",
      "featureManager": {
        "feature": [
          "appSecurity-2.0",
          "ejbLite-3.2",
          "ejbPersistentTimer-3.2",
          "ejbRemote-3.2",
          "jca-1.7",
          "jdbc-4.1",
          "jms-2.0",
          "jndi-1.0",
          "jsp-2.3",
          "servlet-3.1"
        ]
      },
      "applicationManager": {
        "autoExpand": true
      },
      "httpEndpoint": {
        "host": "${httpEndpoint_host_1}",
        "httpPort": "${httpEndpoint_port_1}",
        "httpsPort": "${httpEndpoint_secure_port_1}",
        "id": "defaultHttpEndpoint"
      },
      "enterpriseApplication": {
        "location": "WebSphereBank.ear",
        "web-ext": {
          "context-root": "WebSphereBankWeb",
          "moduleName": "WebSphereBankWeb"
        }
      },
      "keyStore": [
        {
          "id": "NodeDefaultKeyStore",
          "location": "${NodeDefaultKeyStore_location_1}",
          "password": "${NodeDefaultKeyStore_password_1}"
        },
        {
          "id": "CellDefaultTrustStore",
          "location": "${CellDefaultTrustStore_location_1}",
          "password": "${CellDefaultTrustStore_password_1}"
        }
      ],
      "ssl": {
        "id": "NodeDefaultSSLSettings",
        "keyStoreRef": "NodeDefaultKeyStore",
        "sslProtocol": "${NodeDefaultSSLSettings_sslProtocol_1}",
        "trustStoreRef": "CellDefaultTrustStore"
      },
      "sslDefault": {
        "sslRef": "NodeDefaultSSLSettings"
      },
      "variable": [
        {
          "defaultValue": "WebSphereBank_ear_Default01Cell_CellDefaultTrustStore_trust.p12",
          "name": "CellDefaultTrustStore_location_1"
        },
        {
          "defaultValue": "*",
          "name": "httpEndpoint_host_1"
        },
        {
          "defaultValue": 9080,
          "name": "httpEndpoint_port_1"
        },
        {
          "defaultValue": 9443,
          "name": "httpEndpoint_secure_port_1"
        },
        {
          "defaultValue": "WebSphereBank_ear_AppSrv1Node_NodeDefaultKeyStore_key.p12",
          "name": "NodeDefaultKeyStore_location_1"
        },
        {
          "defaultValue": "TLS",
          "name": "NodeDefaultSSLSettings_sslProtocol_1"
        },
        {
          "defaultValue": "",
          "name": "CellDefaultTrustStore_password_1"
        },
        {
          "defaultValue": "",
          "name": "NodeDefaultKeyStore_password_1"
        }
      ]
    }
  }
}