{
   "report": "analysis",
   "version": "1.4",
   "productVersion": "21.0.0.4",
   "productRelease": "21.0.0.4",
   "buildID": "v20211110_0002",
   "options": [
      "--sourceAppServer=was855",
      "--sourceJava=ibm6",
      "--sourceJavaEE=ee6",
      "--targetAppServer=openLiberty",
      "--targetJava=ibm8",
      "--targetJavaEE=ee7",
      "--targetCloud=containers",
      "--includeHelpLocation",
      "--maxUserDefinedRuleResults=100",
      "--userRuleLocation=/home/ibmdemo/Downloads/transformationadvisor-3.0.0/conf/userDefinedRules"
   ],
   "totalRulesFlagged": 15,
   "filesAffected": 30,
   "totalResults": 46,
   "severitySummary": [
      {
         "severity": "Severe",
         "severityId": "severe",
         "totalRulesFlagged": 4,
         "totalResults": 12
      },
      {
         "severity": "Warning",
         "severityId": "warning",
         "totalRulesFlagged": 8,
         "totalResults": 21
      },
      {
         "severity": "Information",
         "severityId": "info",
         "totalRulesFlagged": 3,
         "totalResults": 13
      }
   ],
   "applications": [
      "/usr/IBM/WAS855ND/profiles/Dmgr01/config/cells/Default01Cell/applications/WebSphereBank.ear/WebSphereBank.ear"
   ],
   "rules": [
      {
         "ruleName": "Behavior change in rounding in NumberFormat and DecimalFormat format methods",
         "ruleId": "NumberFormatRounding",
         "ruleHelpLocation": "/ruleinfo/appconversion/jre/180/JRE8NumberFormatRounding.html",
         "devCost": "0",
         "instanceCost": "0",
         "severity": "Information",
         "severityId": "info",
         "category": "Java SE version migration / Java SE 8 compatibility impacts",
         "categoryId": "appconversion.jre.category / appconversion.jre.180.category",
         "totalResults": 3,
         "results": [
            {
               "fileName": "WebSphereBank.ear/WebSphereBankWeb.war/WEB-INF/classes/com/ibm/websphere/samples/bank/web/GetBalanceServlet.class",
               "details": [
                  {
                     "reference": "Method performTask",
                     "match": "java.text.DecimalFormat.format(double)",
                     "lineNumber": 133
                  }
               ]
            },
            {
               "fileName": "WebSphereBank.ear/WebSphereBankWeb.war/WEB-INF/classes/com/ibm/websphere/samples/bank/web/TransferFundsServlet.class",
               "details": [
                  {
                     "reference": "Method performTask",
                     "match": "java.text.DecimalFormat.format(double)",
                     "lineNumber": 164
                  },
                  {
                     "reference": "Method performTask",
                     "match": "java.text.DecimalFormat.format(double)",
                     "lineNumber": 165
                  }
               ]
            }
         ]
      },
      {
         "ruleName": "Behavior change on lookups for Enterprise JavaBeans in previous versions of Liberty",
         "ruleId": "EJBNamingLookupRule",
         "ruleHelpLocation": "/ruleinfo/appconversion/was2liberty/EJBNamingLookupRule.html",
         "devCost": "0",
         "instanceCost": "0",
         "severity": "Information",
         "severityId": "info",
         "category": "WebSphere traditional to Liberty",
         "categoryId": "appconversion.was2liberty.category",
         "totalResults": 7,
         "results": [
            {
               "fileName": "WebSphereBank.ear/WebSphereBankEJB.jar/META-INF/ibm-ejb-jar-bnd.xmi",
               "details": [
                  {
                     "reference": null,
                     "match": "ejbRefBindings.jndiName=ejb/Bank/Account",
                     "lineNumber": 12
                  },
                  {
                     "reference": null,
                     "match": "ejbRefBindings.jndiName=ejb/Bank/Account",
                     "lineNumber": 18
                  },
                  {
                     "reference": null,
                     "match": "ejbRefBindings.jndiName=ejb/Bank/Customer",
                     "lineNumber": 6
                  }
               ]
            },
            {
               "fileName": "WebSphereBank.ear/WebSphereBankWeb.war/WEB-INF/ibm-web-bnd.xmi",
               "details": [
                  {
                     "reference": null,
                     "match": "ejbRefBindings.jndiName=ejb/Bank/Account",
                     "lineNumber": 7
                  },
                  {
                     "reference": null,
                     "match": "ejbRefBindings.jndiName=ejb/Bank/Customer",
                     "lineNumber": 4
                  },
                  {
                     "reference": null,
                     "match": "ejbRefBindings.jndiName=ejb/Bank/Customer",
                     "lineNumber": 13
                  },
                  {
                     "reference": null,
                     "match": "ejbRefBindings.jndiName=ejb/Bank/Transfer",
                     "lineNumber": 10
                  }
               ]
            }
         ]
      },
      {
         "ruleName": "CDI scans for implicit beans when there is no beans.xml file",
         "ruleId": "MissingBeansFile",
         "ruleHelpLocation": "/ruleinfo/appconversion/javaee7/cdi/MissingBeansXmlRule.html",
         "devCost": "0",
         "instanceCost": "0",
         "severity": "Warning",
         "severityId": "warning",
         "category": "Java EE 7 / CDI",
         "categoryId": "appconversion.javaee7.category / appconversion.javaee7.cdi.category",
         "totalResults": 7,
         "results": [
            {
               "fileName": "WebSphereBank.ear/FindAccounts.jar",
               "details": [
                  {
                     "reference": null,
                     "match": ".*(\\.war|\\.jar)",
                     "lineNumber": 0
                  }
               ]
            },
            {
               "fileName": "WebSphereBank.ear/GetAccounts.jar",
               "details": [
                  {
                     "reference": null,
                     "match": ".*(\\.war|\\.jar)",
                     "lineNumber": 0
                  }
               ]
            },
            {
               "fileName": "WebSphereBank.ear/TransferClient.jar",
               "details": [
                  {
                     "reference": null,
                     "match": ".*(\\.war|\\.jar)",
                     "lineNumber": 0
                  }
               ]
            },
            {
               "fileName": "WebSphereBank.ear/WebSphereBankEJB.jar",
               "details": [
                  {
                     "reference": null,
                     "match": ".*(\\.war|\\.jar)",
                     "lineNumber": 0
                  }
               ]
            },
            {
               "fileName": "WebSphereBank.ear/WebSphereBankWeb.war",
               "details": [
                  {
                     "reference": null,
                     "match": ".*(\\.war|\\.jar)",
                     "lineNumber": 0
                  }
               ]
            },
            {
               "fileName": "WebSphereBank.ear/WebSphereBankWeb.war/WEB-INF/lib/WsaEJBDeployUtility.jar",
               "details": [
                  {
                     "reference": null,
                     "match": ".*(\\.war|\\.jar)",
                     "lineNumber": 0
                  }
               ]
            },
            {
               "fileName": "WebSphereBank.ear/WsaEJBDeployUtility.jar",
               "details": [
                  {
                     "reference": null,
                     "match": ".*(\\.war|\\.jar)",
                     "lineNumber": 0
                  }
               ]
            }
         ]
      },
      {
         "ruleName": "Databases",
         "ruleId": "DatabasesSQLRule",
         "ruleHelpLocation": "/ruleinfo/appmigration/cloud/Databases.html",
         "devCost": "0",
         "instanceCost": "0",
         "severity": "Warning",
         "severityId": "warning",
         "category": "Technology connectivity considerations for IBM Cloud",
         "categoryId": "appconversion.cloud.category.technology.connectivity",
         "totalResults": 1,
         "results": [
            {
               "fileName": "WebSphereBank.ear/WebSphereBankEJB.jar/com/ibm/websphere/samples/bank/ejb/websphere_deploy/DB2UDBNT_V82_1/AccountBeanFunctionSet_59af84b8.class",
               "details": [
                  {
                     "reference": "Method Create - Catch exception",
                     "match": "java.sql",
                     "lineNumber": 0
                  }
               ]
            }
         ],
         "referencedClasses": [
            {
               "class": "java.sql.PreparedStatement",
               "total": 242
            },
            {
               "class": "java.sql.ResultSet",
               "total": 22
            },
            {
               "class": "java.sql.SQLException",
               "total": 50
            }
         ]
      },
      {
         "ruleName": "Entity Enterprise JavaBeans (EJB) are unavailable",
         "ruleId": "DetectEJBEntityBeansXML",
         "ruleHelpLocation": "/help/java/DetectEJBEntityBeans.html",
         "devCost": "10",
         "instanceCost": "10",
         "severity": "Severe",
         "severityId": "severe",
         "category": "Java Technology Support for Liberty",
         "categoryId": "com.ibm.rrd.liberty.rules.liberty.profile.technology.ruleset",
         "totalResults": 2,
         "results": [
            {
               "fileName": "WebSphereBank.ear/WebSphereBankEJB.jar/META-INF/ejb-jar.xml",
               "details": [
                  {
                     "reference": null,
                     "match": "entity",
                     "lineNumber": 4
                  },
                  {
                     "reference": null,
                     "match": "entity",
                     "lineNumber": 33
                  }
               ]
            }
         ]
      },
      {
         "ruleName": "Handling application configuration in Docker containers",
         "ruleId": "DetectPropertiesFiles",
         "ruleHelpLocation": "/ruleinfo/appmigration/cloud/DetectPropertiesFiles.html",
         "devCost": "0",
         "instanceCost": "0",
         "severity": "Warning",
         "severityId": "warning",
         "category": "Containers (OpenShift, Kubernetes)",
         "categoryId": "appconversion.cloud.category.docker",
         "totalResults": 3,
         "results": [
            {
               "fileName": "WebSphereBank.ear/WebSphereBankEJB.jar/META-INF/backends/DB2UDBNT_V82_1/ibm_pmbab.properties",
               "details": [
                  {
                     "reference": null,
                     "match": "(.*)?\\.properties",
                     "lineNumber": 0
                  }
               ]
            },
            {
               "fileName": "WebSphereBank.ear/WebSphereBankEJB.jar/META-INF/ibm_ejbext.properties",
               "details": [
                  {
                     "reference": null,
                     "match": "(.*)?\\.properties",
                     "lineNumber": 0
                  }
               ]
            },
            {
               "fileName": "WebSphereBank.ear/WebSphereBankWeb.war/WEB-INF/properties/bank_messages.properties",
               "details": [
                  {
                     "reference": null,
                     "match": "(.*)?\\.properties",
                     "lineNumber": 0
                  }
               ]
            }
         ]
      },
      {
         "ruleName": "Java EE security",
         "ruleId": "ApplicationSecurityRule",
         "ruleHelpLocation": "/ruleinfo/appmigration/cloud/ApplicationSecurity.html",
         "devCost": "0",
         "instanceCost": "0",
         "severity": "Warning",
         "severityId": "warning",
         "category": "Technology connectivity considerations for IBM Cloud",
         "categoryId": "appconversion.cloud.category.technology.connectivity",
         "totalResults": 2,
         "results": [
            {
               "fileName": "WebSphereBank.ear/WebSphereBankEJB.jar/META-INF/ejb-jar.xml",
               "details": [
                  {
                     "reference": null,
                     "match": "method-permission",
                     "lineNumber": 140
                  }
               ]
            },
            {
               "fileName": "WebSphereBank.ear/WebSphereBankWeb.war/WEB-INF/web.xml",
               "details": [
                  {
                     "reference": null,
                     "match": "security-constraint",
                     "lineNumber": 87
                  }
               ]
            }
         ]
      },
      {
         "ruleName": "Java Message Service (JMS)",
         "ruleId": "JMSRule",
         "ruleHelpLocation": "/ruleinfo/appmigration/cloud/JMS.html",
         "devCost": "0",
         "instanceCost": "0",
         "severity": "Warning",
         "severityId": "warning",
         "category": "Technology connectivity considerations for IBM Cloud (not Liberty Core)",
         "categoryId": "appconversion.cloud.category.technology.connectivity.noLibertyCore",
         "totalResults": 1,
         "results": [
            {
               "fileName": "WebSphereBank.ear/TransferClient.jar/com/ibm/websphere/samples/bank/client/TransferClient.class",
               "details": [
                  {
                     "reference": "Method sendMessage",
                     "match": "javax.jms.ConnectionFactory",
                     "lineNumber": 53
                  }
               ]
            }
         ]
      },
      {
         "ruleName": "Remote EJB lookups",
         "ruleId": "RemoteEJBLookupsRule",
         "ruleHelpLocation": "/ruleinfo/appmigration/cloud/RemoteEJBLookups.html",
         "devCost": "0",
         "instanceCost": "0",
         "severity": "Warning",
         "severityId": "warning",
         "category": "Technology connectivity considerations for IBM Cloud (not Liberty Core)",
         "categoryId": "appconversion.cloud.category.technology.connectivity.noLibertyCore",
         "totalResults": 3,
         "results": [
            {
               "fileName": "WebSphereBank.ear/FindAccounts.jar/META-INF/application-client.xml",
               "details": [
                  {
                     "reference": null,
                     "match": "home",
                     "lineNumber": 8
                  }
               ]
            },
            {
               "fileName": "WebSphereBank.ear/GetAccounts.jar/META-INF/application-client.xml",
               "details": [
                  {
                     "reference": null,
                     "match": "home",
                     "lineNumber": 7
                  }
               ]
            },
            {
               "fileName": "WebSphereBank.ear/WebSphereBankWeb.war/WEB-INF/web.xml",
               "details": [
                  {
                     "reference": null,
                     "match": "home",
                     "lineNumber": 163
                  }
               ]
            }
         ]
      },
      {
         "ruleName": "Remote EJB providers",
         "ruleId": "RemoteEJBProvidersRule",
         "ruleHelpLocation": "/ruleinfo/appmigration/cloud/RemoteEJBProviders.html",
         "devCost": "0",
         "instanceCost": "0",
         "severity": "Warning",
         "severityId": "warning",
         "category": "Technology connectivity considerations for IBM Cloud (not Liberty Core)",
         "categoryId": "appconversion.cloud.category.technology.connectivity.noLibertyCore",
         "totalResults": 3,
         "results": [
            {
               "fileName": "WebSphereBank.ear/WebSphereBankEJB.jar/com/ibm/ejs/container/_EJSWrapper_Tie.class",
               "details": [
                  {
                     "reference": "Method _get_EJBHome",
                     "match": "javax.ejb.EJBHome",
                     "lineNumber": 0
                  }
               ]
            },
            {
               "fileName": "WebSphereBank.ear/WebSphereBankWeb.war/WEB-INF/lib/WsaEJBDeployUtility.jar/com/ibm/websphere/samples/bank/ejb/_CustomerHome_Stub.class",
               "details": [
                  {
                     "reference": "Method getEJBMetaData",
                     "match": "javax.ejb.EJBHome",
                     "lineNumber": 0
                  }
               ]
            },
            {
               "fileName": "WebSphereBank.ear/WsaEJBDeployUtility.jar/com/ibm/websphere/samples/bank/ejb/_CustomerHome_Stub.class",
               "details": [
                  {
                     "reference": "Method getEJBMetaData",
                     "match": "javax.ejb.EJBHome",
                     "lineNumber": 0
                  }
               ]
            }
         ]
      },
      {
         "ruleName": "The WebSphere Enterprise JavaBeans APIs and SPIs are unavailable",
         "ruleId": "WebSphereUnavailableAPIsEnterpriseJavaBeans",
         "ruleHelpLocation": "/ruleinfo/appconversion/was2liberty/WebSphereUnavailableAPIsEnterpriseJavaBeans.html",
         "devCost": "1",
         "instanceCost": "0.1",
         "severity": "Severe",
         "severityId": "severe",
         "category": "WebSphere traditional to Liberty",
         "categoryId": "appconversion.was2liberty.category",
         "totalResults": 5,
         "results": [
            {
               "fileName": "WebSphereBank.ear/WebSphereBankEJB.jar/com/ibm/ejs/container/_EJSRemoteWrapper_Stub.class",
               "details": [
                  {
                     "reference": "Class implements",
                     "match": "com.ibm.websphere.csi",
                     "lineNumber": 0
                  }
               ]
            },
            {
               "fileName": "WebSphereBank.ear/WebSphereBankEJB.jar/com/ibm/websphere/csi/_CSIServant_Stub.class",
               "details": [
                  {
                     "reference": "Class declaration",
                     "match": "com.ibm.websphere.csi",
                     "lineNumber": 0
                  }
               ]
            },
            {
               "fileName": "WebSphereBank.ear/WebSphereBankEJB.jar/com/ibm/websphere/csi/_TransactionalObject_Stub.class",
               "details": [
                  {
                     "reference": "Class declaration",
                     "match": "com.ibm.websphere.csi",
                     "lineNumber": 0
                  }
               ]
            },
            {
               "fileName": "WebSphereBank.ear/WebSphereBankEJB.jar/com/ibm/websphere/samples/bank/ejb/websphere_deploy/DB2UDBNT_V82_1/AccountBeanAdaptorBinding_59af84b8.class",
               "details": [
                  {
                     "reference": "Method getAdapter - Method return type",
                     "match": "com.ibm.websphere.ejbpersistence",
                     "lineNumber": 0
                  }
               ]
            },
            {
               "fileName": "WebSphereBank.ear/WebSphereBankEJB.jar/com/ibm/websphere/samples/bank/ejb/websphere_deploy/DB2UDBNT_V82_1/CustomerBeanAdaptorBinding_854fba2f.class",
               "details": [
                  {
                     "reference": "Method getAdapter - Method return type",
                     "match": "com.ibm.websphere.ejbpersistence",
                     "lineNumber": 0
                  }
               ]
            }
         ],
         "referencedClasses": [
            {
               "class": "com.ibm.websphere.csi.CSIServant",
               "total": 6
            },
            {
               "class": "com.ibm.websphere.csi.TransactionalObject",
               "total": 2
            },
            {
               "class": "com.ibm.websphere.csi._CSIServant_Stub",
               "total": 7
            },
            {
               "class": "com.ibm.websphere.csi._TransactionalObject_Stub",
               "total": 3
            },
            {
               "class": "com.ibm.websphere.ejbpersistence.EJBToRAAdapter",
               "total": 2
            }
         ]
      },
      {
         "ruleName": "The WebSphere Resource Adapter APIs and SPIs are unavailable",
         "ruleId": "WebSphereUnavailableAPIsResourceAdapter",
         "ruleHelpLocation": "/ruleinfo/appconversion/was2liberty/WebSphereUnavailableAPIsResourceAdapter.html",
         "devCost": "1",
         "instanceCost": "0.1",
         "severity": "Severe",
         "severityId": "severe",
         "category": "WebSphere traditional to Liberty",
         "categoryId": "appconversion.was2liberty.category",
         "totalResults": 2,
         "results": [
            {
               "fileName": "WebSphereBank.ear/WebSphereBankEJB.jar/com/ibm/websphere/samples/bank/ejb/websphere_deploy/DB2UDBNT_V82_1/AccountBeanFunctionSet_59af84b8.class",
               "details": [
                  {
                     "reference": "Class implements",
                     "match": "com.ibm.websphere.rsadapter",
                     "lineNumber": 0
                  }
               ]
            },
            {
               "fileName": "WebSphereBank.ear/WebSphereBankEJB.jar/com/ibm/websphere/samples/bank/ejb/websphere_deploy/DB2UDBNT_V82_1/CustomerBeanFunctionSet_854fba2f.class",
               "details": [
                  {
                     "reference": "Class implements",
                     "match": "com.ibm.websphere.rsadapter",
                     "lineNumber": 0
                  }
               ]
            }
         ],
         "referencedClasses": [
            {
               "class": "com.ibm.websphere.rsadapter.DataAccessFunctionSet",
               "total": 2
            },
            {
               "class": "com.ibm.websphere.rsadapter.WSInteractionSpec",
               "total": 79
            }
         ]
      },
      {
         "ruleName": "Transaction propagation is not supported for Enterprise JavaBeans (EJB) remote interfaces",
         "ruleId": "DetectTransactionPropagationEJBRemote",
         "ruleHelpLocation": "/help/java/DetectTransactionPropagationEJBRemote.html",
         "devCost": "1",
         "instanceCost": "0.1",
         "severity": "Severe",
         "severityId": "severe",
         "category": "Java Technology Support for Liberty",
         "categoryId": "com.ibm.rrd.liberty.rules.liberty.profile.technology.ruleset",
         "totalResults": 3,
         "results": [
            {
               "fileName": "WebSphereBank.ear/WebSphereBankEJB.jar/META-INF/ejb-jar.xml",
               "details": [
                  {
                     "reference": null,
                     "match": "remote",
                     "lineNumber": 7
                  },
                  {
                     "reference": null,
                     "match": "remote",
                     "lineNumber": 36
                  },
                  {
                     "reference": null,
                     "match": "remote",
                     "lineNumber": 101
                  }
               ]
            }
         ]
      },
      {
         "ruleName": "User-defined EJB binding locations were previously ignored in Liberty",
         "ruleId": "DetectEJBJNDIbindingName",
         "ruleHelpLocation": "/ruleinfo/appconversion/was2liberty/DetectEJBJNDIbindingName.html",
         "devCost": "0",
         "instanceCost": "0",
         "severity": "Information",
         "severityId": "info",
         "category": "WebSphere traditional to Liberty",
         "categoryId": "appconversion.was2liberty.category",
         "totalResults": 3,
         "results": [
            {
               "fileName": "WebSphereBank.ear/WebSphereBankEJB.jar/META-INF/ibm-ejb-jar-bnd.xmi",
               "details": [
                  {
                     "reference": null,
                     "match": "ejbBindings.jndiName=ejb/Bank/Account",
                     "lineNumber": 4
                  },
                  {
                     "reference": null,
                     "match": "ejbBindings.jndiName=ejb/Bank/Customer",
                     "lineNumber": 10
                  },
                  {
                     "reference": null,
                     "match": "ejbBindings.jndiName=ejb/Bank/Transfer",
                     "lineNumber": 16
                  }
               ]
            }
         ]
      },
      {
         "ruleName": "Validate the URL host and port for cloud access",
         "ruleId": "URLRuleDockerCloud",
         "ruleHelpLocation": "/ruleinfo/appmigration/cloud/UrlRule.html",
         "devCost": "0",
         "instanceCost": "0",
         "severity": "Warning",
         "severityId": "warning",
         "category": "Connectivity considerations for IBM Cloud (Containers and Virtual machines)",
         "categoryId": "appconversion.cloud.category.connectivity.dockerAndWASOnCloud",
         "totalResults": 1,
         "results": [
            {
               "fileName": "WebSphereBank.ear/WebSphereBankWeb.war",
               "details": [
                  {
                     "reference": "1",
                     "match": "iiop://localhost:900",
                     "lineNumber": 0
                  }
               ]
            }
         ]
      }
   ]
}