{
   "report": "analysis",
   "version": "1.4",
   "productVersion": "21.0.0.4",
   "productRelease": "21.0.0.4",
   "buildID": "v20211110_0002",
   "options": [
      "--sourceAppServer=was855",
      "--sourceJava=ibm6",
      "--sourceJavaEE=ee6",
      "--targetAppServer=openLiberty",
      "--targetJava=ibm8",
      "--targetJavaEE=ee7",
      "--targetCloud=containers",
      "--includeHelpLocation",
      "--maxUserDefinedRuleResults=100",
      "--userRuleLocation=/var/IBM/temp/TA_collector/transformationadvisor-3.0.0/conf/userDefinedRules",
      "--excludePackages=ch.qos,com.fasterxml,com.ibm,com.informix,com.lowagie,com.mchange,com.meterware,com.microsoft,com.sun,com.sybase,freemarker,groovy,java,javax,net,oracle,org,sqlj,sun,twitter4j,_ibmjsp"
   ],
   "totalRulesFlagged": 12,
   "filesAffected": 20,
   "totalResults": 31,
   "severitySummary": [
      {
         "severity": "Severe",
         "severityId": "severe",
         "totalRulesFlagged": 4,
         "totalResults": 14
      },
      {
         "severity": "Warning",
         "severityId": "warning",
         "totalRulesFlagged": 7,
         "totalResults": 15
      },
      {
         "severity": "Information",
         "severityId": "info",
         "totalRulesFlagged": 1,
         "totalResults": 2
      }
   ],
   "applications": [
      "/usr/IBM/WAS855ND/profiles/StandaloneSrv1/config/cells/StandaloneSrv1Cell/applications/DayTrader2-EE5.ear/DayTrader2-EE5.ear"
   ],
   "rules": [
      {
         "ruleName": "Behavior change on lookups for Enterprise JavaBeans in previous versions of Liberty",
         "ruleId": "EJBNamingLookupRule",
         "ruleHelpLocation": "/ruleinfo/appconversion/was2liberty/EJBNamingLookupRule.html",
         "devCost": "0",
         "instanceCost": "0",
         "severity": "Information",
         "severityId": "info",
         "category": "WebSphere traditional to Liberty",
         "categoryId": "appconversion.was2liberty.category",
         "totalResults": 2,
         "results": [
            {
               "fileName": "DayTrader2-EE5.ear/web.war/WEB-INF/ibm-web-bnd.xml",
               "details": [
                  {
                     "reference": null,
                     "match": "ejb-ref.binding-name=org.apache.geronimo.samples.daytrader.ejb3.DirectSLSBRemote",
                     "lineNumber": 6
                  },
                  {
                     "reference": null,
                     "match": "ejb-ref.binding-name=org.apache.geronimo.samples.daytrader.ejb3.TradeSLSBRemote",
                     "lineNumber": 5
                  }
               ]
            }
         ]
      },
      {
         "ruleName": "CDI scans for implicit beans when there is no beans.xml file",
         "ruleId": "MissingBeansFile",
         "ruleHelpLocation": "/ruleinfo/appconversion/javaee7/cdi/MissingBeansXmlRule.html",
         "devCost": "0",
         "instanceCost": "0",
         "severity": "Warning",
         "severityId": "warning",
         "category": "Java EE 7 / CDI",
         "categoryId": "appconversion.javaee7.category / appconversion.javaee7.cdi.category",
         "totalResults": 5,
         "results": [
            {
               "fileName": "DayTrader2-EE5.ear/daytrader-wsappclient-2.0-SNAPSHOT.jar",
               "details": [
                  {
                     "reference": null,
                     "match": ".*(\\.war|\\.jar)",
                     "lineNumber": 0
                  }
               ]
            },
            {
               "fileName": "DayTrader2-EE5.ear/dt-ejb.jar",
               "details": [
                  {
                     "reference": null,
                     "match": ".*(\\.war|\\.jar)",
                     "lineNumber": 0
                  }
               ]
            },
            {
               "fileName": "DayTrader2-EE5.ear/streamer.jar",
               "details": [
                  {
                     "reference": null,
                     "match": ".*(\\.war|\\.jar)",
                     "lineNumber": 0
                  }
               ]
            },
            {
               "fileName": "DayTrader2-EE5.ear/web.war",
               "details": [
                  {
                     "reference": null,
                     "match": ".*(\\.war|\\.jar)",
                     "lineNumber": 0
                  }
               ]
            },
            {
               "fileName": "DayTrader2-EE5.ear/web.war/WEB-INF/lib/standard-1.1.1.jar",
               "details": [
                  {
                     "reference": null,
                     "match": ".*(\\.war|\\.jar)",
                     "lineNumber": 0
                  }
               ]
            }
         ]
      },
      {
         "ruleName": "Databases",
         "ruleId": "DatabasesSQLRule",
         "ruleHelpLocation": "/ruleinfo/appmigration/cloud/Databases.html",
         "devCost": "0",
         "instanceCost": "0",
         "severity": "Warning",
         "severityId": "warning",
         "category": "Technology connectivity considerations for IBM Cloud",
         "categoryId": "appconversion.cloud.category.technology.connectivity",
         "totalResults": 2,
         "results": [
            {
               "fileName": "DayTrader2-EE5.ear/dt-ejb.jar/META-INF/persistence.xml",
               "details": [
                  {
                     "reference": null,
                     "match": "jta-data-source=jdbc/TradeDataSource",
                     "lineNumber": 22
                  }
               ]
            },
            {
               "fileName": "DayTrader2-EE5.ear/web.war/WEB-INF/web.xml",
               "details": [
                  {
                     "reference": null,
                     "match": "res-type=javax.sql.DataSource",
                     "lineNumber": 412
                  }
               ]
            }
         ]
      },
      {
         "ruleName": "Disable the persistence unit second-level cache",
         "ruleId": "JpaCacheProperties",
         "ruleHelpLocation": "/ruleinfo/appconversion/javaee7/jpa/JpaCacheBehavior.html",
         "devCost": "0.25",
         "instanceCost": "0.1",
         "severity": "Severe",
         "severityId": "severe",
         "category": "Java EE 7 / OpenJPA to EclipseLink JPA",
         "categoryId": "appconversion.javaee7.category / appconversion.javaee7.jpa.category",
         "totalResults": 1,
         "results": [
            {
               "fileName": "DayTrader2-EE5.ear/dt-ejb.jar/META-INF/persistence.xml",
               "details": [
                  {
                     "reference": null,
                     "match": "persistence-unit",
                     "lineNumber": 20
                  }
               ]
            }
         ]
      },
      {
         "ruleName": "Do not use OpenJPA providers in the persistence.xml file",
         "ruleId": "OpenJPAPersistenceProvider",
         "ruleHelpLocation": "/ruleinfo/appconversion/javaee7/jpa/OpenJPAPersistenceProvider.html",
         "devCost": "0.25",
         "instanceCost": "0.1",
         "severity": "Severe",
         "severityId": "severe",
         "category": "Java EE 7 / OpenJPA to EclipseLink JPA",
         "categoryId": "appconversion.javaee7.category / appconversion.javaee7.jpa.category",
         "totalResults": 1,
         "results": [
            {
               "fileName": "DayTrader2-EE5.ear/dt-ejb.jar/META-INF/persistence.xml",
               "details": [
                  {
                     "reference": null,
                     "match": "provider=org.apache.openjpa.persistence.PersistenceProviderImpl",
                     "lineNumber": 21
                  }
               ]
            }
         ]
      },
      {
         "ruleName": "Handling application configuration in Docker containers",
         "ruleId": "DetectPropertiesFiles",
         "ruleHelpLocation": "/ruleinfo/appmigration/cloud/DetectPropertiesFiles.html",
         "devCost": "0",
         "instanceCost": "0",
         "severity": "Warning",
         "severityId": "warning",
         "category": "Containers (OpenShift, Kubernetes)",
         "categoryId": "appconversion.cloud.category.docker",
         "totalResults": 3,
         "results": [
            {
               "fileName": "DayTrader2-EE5.ear/web.war/WEB-INF/classes/build.properties",
               "details": [
                  {
                     "reference": null,
                     "match": "(.*)?\\.properties",
                     "lineNumber": 0
                  }
               ]
            },
            {
               "fileName": "DayTrader2-EE5.ear/web.war/WEB-INF/lib/standard-1.1.1.jar/org/apache/taglibs/standard/lang/jstl/Resources.properties",
               "details": [
                  {
                     "reference": null,
                     "match": "(.*)?\\.properties",
                     "lineNumber": 0
                  }
               ]
            },
            {
               "fileName": "DayTrader2-EE5.ear/web.war/WEB-INF/lib/standard-1.1.1.jar/org/apache/taglibs/standard/resources/Resources.properties",
               "details": [
                  {
                     "reference": null,
                     "match": "(.*)?\\.properties",
                     "lineNumber": 0
                  }
               ]
            }
         ]
      },
      {
         "ruleName": "Java API for XML-based RPC (JAX-RPC) is unavailable",
         "ruleId": "DetectJAXRPC",
         "ruleHelpLocation": "/help/java/DetectJAXRPC.html",
         "devCost": "5",
         "instanceCost": "0",
         "severity": "Severe",
         "severityId": "severe",
         "category": "Java Technology Support for Liberty",
         "categoryId": "com.ibm.rrd.liberty.rules.liberty.profile.technology.ruleset",
         "totalResults": 6,
         "results": [
            {
               "fileName": "DayTrader2-EE5.ear/daytrader-wsappclient-2.0-SNAPSHOT.jar/META-INF/ibm-webservicesclient-bnd.xmi",
               "details": [
                  {
                     "reference": null,
                     "match": ".*/ibm-webservices(client)?-(ext|bnd)\\.xmi$",
                     "lineNumber": 0
                  }
               ]
            },
            {
               "fileName": "DayTrader2-EE5.ear/daytrader-wsappclient-2.0-SNAPSHOT.jar/META-INF/ibm-webservicesclient-ext.xmi",
               "details": [
                  {
                     "reference": null,
                     "match": ".*/ibm-webservices(client)?-(ext|bnd)\\.xmi$",
                     "lineNumber": 0
                  }
               ]
            },
            {
               "fileName": "DayTrader2-EE5.ear/web.war/WEB-INF/ibm-webservices-bnd.xmi",
               "details": [
                  {
                     "reference": null,
                     "match": ".*/ibm-webservices(client)?-(ext|bnd)\\.xmi$",
                     "lineNumber": 0
                  }
               ]
            },
            {
               "fileName": "DayTrader2-EE5.ear/web.war/WEB-INF/ibm-webservices-ext.xmi",
               "details": [
                  {
                     "reference": null,
                     "match": ".*/ibm-webservices(client)?-(ext|bnd)\\.xmi$",
                     "lineNumber": 0
                  }
               ]
            },
            {
               "fileName": "DayTrader2-EE5.ear/web.war/WEB-INF/ibm-webservicesclient-bnd.xmi",
               "details": [
                  {
                     "reference": null,
                     "match": ".*/ibm-webservices(client)?-(ext|bnd)\\.xmi$",
                     "lineNumber": 0
                  }
               ]
            },
            {
               "fileName": "DayTrader2-EE5.ear/web.war/WEB-INF/ibm-webservicesclient-ext.xmi",
               "details": [
                  {
                     "reference": null,
                     "match": ".*/ibm-webservices(client)?-(ext|bnd)\\.xmi$",
                     "lineNumber": 0
                  }
               ]
            }
         ]
      },
      {
         "ruleName": "Java Message Service (JMS)",
         "ruleId": "JMSRule",
         "ruleHelpLocation": "/ruleinfo/appmigration/cloud/JMS.html",
         "devCost": "0",
         "instanceCost": "0",
         "severity": "Warning",
         "severityId": "warning",
         "category": "Technology connectivity considerations for IBM Cloud (not Liberty Core)",
         "categoryId": "appconversion.cloud.category.technology.connectivity.noLibertyCore",
         "totalResults": 1,
         "results": [
            {
               "fileName": "DayTrader2-EE5.ear/web.war/WEB-INF/web.xml",
               "details": [
                  {
                     "reference": null,
                     "match": "res-type=javax.jms.QueueConnectionFactory",
                     "lineNumber": 418
                  }
               ]
            }
         ]
      },
      {
         "ruleName": "OpenJPA and WebSphere JPA configuration properties must be migrated",
         "ruleId": "OpenJPAConfigurationProperties",
         "ruleHelpLocation": "/ruleinfo/appconversion/javaee7/jpa/OpenJpaConfigurationProperties.html",
         "devCost": "2",
         "instanceCost": "0.1",
         "severity": "Severe",
         "severityId": "severe",
         "category": "Java EE 7 / OpenJPA to EclipseLink JPA",
         "categoryId": "appconversion.javaee7.category / appconversion.javaee7.jpa.category",
         "totalResults": 6,
         "results": [
            {
               "fileName": "DayTrader2-EE5.ear/dt-ejb.jar/META-INF/persistence.xml",
               "details": [
                  {
                     "reference": null,
                     "match": "property.name=openjpa.BrokerImpl",
                     "lineNumber": 34
                  },
                  {
                     "reference": null,
                     "match": "property.name=openjpa.RuntimeClassOptimization",
                     "lineNumber": 37
                  },
                  {
                     "reference": null,
                     "match": "property.name=openjpa.Sequence",
                     "lineNumber": 36
                  },
                  {
                     "reference": null,
                     "match": "property.name=openjpa.jdbc.DBDictionary",
                     "lineNumber": 33
                  },
                  {
                     "reference": null,
                     "match": "property.name=openjpa.jdbc.SynchronizeMappings",
                     "lineNumber": 35
                  },
                  {
                     "reference": null,
                     "match": "property.name=openjpa.jdbc.UpdateManager",
                     "lineNumber": 38
                  }
               ]
            }
         ]
      },
      {
         "ruleName": "Remote EJB lookups",
         "ruleId": "RemoteEJBLookupsRule",
         "ruleHelpLocation": "/ruleinfo/appmigration/cloud/RemoteEJBLookups.html",
         "devCost": "0",
         "instanceCost": "0",
         "severity": "Warning",
         "severityId": "warning",
         "category": "Technology connectivity considerations for IBM Cloud (not Liberty Core)",
         "categoryId": "appconversion.cloud.category.technology.connectivity.noLibertyCore",
         "totalResults": 1,
         "results": [
            {
               "fileName": "DayTrader2-EE5.ear/web.war/WEB-INF/web.xml",
               "details": [
                  {
                     "reference": null,
                     "match": "home",
                     "lineNumber": 432
                  }
               ]
            }
         ]
      },
      {
         "ruleName": "Remote web services",
         "ruleId": "RemoteWebServicesRule",
         "ruleHelpLocation": "/ruleinfo/appmigration/cloud/RemoteWebServices.html",
         "devCost": "0",
         "instanceCost": "0",
         "severity": "Warning",
         "severityId": "warning",
         "category": "Technology connectivity considerations for IBM Cloud",
         "categoryId": "appconversion.cloud.category.technology.connectivity",
         "totalResults": 1,
         "results": [
            {
               "fileName": "DayTrader2-EE5.ear/daytrader-wsappclient-2.0-SNAPSHOT.jar/META-INF/application-client.xml",
               "details": [
                  {
                     "reference": null,
                     "match": "service-ref",
                     "lineNumber": 22
                  }
               ]
            }
         ]
      },
      {
         "ruleName": "Validate the URL host and port for cloud access",
         "ruleId": "URLRuleDockerCloud",
         "ruleHelpLocation": "/ruleinfo/appmigration/cloud/UrlRule.html",
         "devCost": "0",
         "instanceCost": "0",
         "severity": "Warning",
         "severityId": "warning",
         "category": "Connectivity considerations for IBM Cloud (Containers and Virtual machines)",
         "categoryId": "appconversion.cloud.category.connectivity.dockerAndWASOnCloud",
         "totalResults": 2,
         "results": [
            {
               "fileName": "DayTrader2-EE5.ear/daytrader-wsappclient-2.0-SNAPSHOT.jar",
               "details": [
                  {
                     "reference": "1",
                     "match": "address.location=http://localhost:8080/daytrader/services/TradeWSServices",
                     "lineNumber": 0
                  }
               ]
            },
            {
               "fileName": "DayTrader2-EE5.ear/web.war",
               "details": [
                  {
                     "reference": "1",
                     "match": "address.location=http://localhost:8080/daytrader/services/TradeWSServices",
                     "lineNumber": 0
                  }
               ]
            }
         ]
      }
   ]
}