<?xml version="1.0" encoding="UTF-8"?><server description="Configuration generated by binaryAppScanner">
    <featureManager>
        <!--The following features are available in Open Liberty.-->
        <feature>appSecurity-2.0</feature>
        <feature>ejbLite-3.2</feature>
        <feature>jdbc-4.1</feature>
        <feature>jsp-2.3</feature>
        <feature>servlet-3.1</feature>
    </featureManager>

    <!-- This configuration was migrated on 23/02/22 at 08:50:30 from the following location: /usr/IBM/WAS855ND/profiles/StandaloneSrv1 -->
    <!-- The binary scanner does not support the migration of all WebSphere traditional configuration elements. Check the binary scanner documentation for the list of supported configuration elements. -->
    <!-- The following WebSphere traditional variables are used by the configuration but were not migrated: [CELL, WAS_INSTALL_ROOT, APP_INSTALL_ROOT]. Remove these variables from the configuration or provide each one with an appropriate definition. -->
    <applicationManager autoExpand="true"/>

    <httpEndpoint host="${httpEndpoint_host_1}" httpPort="${httpEndpoint_port_1}" httpsPort="${httpEndpoint_secure_port_1}" id="defaultHttpEndpoint"/>

    <!-- Some or all of the bindings that are migrated for this application might exist in the application archive. If so, the duplicate bindings can be removed from this server.xml file. Any binding configuration that is specified in this server.xml file takes precedence over the corresponding binding configuration in the application archive. -->
    <enterpriseApplication location="DefaultApplication.ear">
        <web-ext context-root="/" moduleName="DefaultWebApplication"/>
    </enterpriseApplication>

    <jdbcDriver id="Derby_JDBC_Provider">
        <library>
            <file name="${DERBY_JDBC_DRIVER_PATH}/derby.jar"/>
        </library>
    </jdbcDriver>

    <dataSource id="Default Datasource" jdbcDriverRef="Derby_JDBC_Provider" jndiName="DefaultDatasource" type="javax.sql.ConnectionPoolDataSource">
        <properties.derby.embedded connectionAttributes="upgrade=true" databaseName="${Default_Datasource_databaseName_1}"/>
        <connectionManager connectionTimeout="180" maxPoolSize="10" minPoolSize="1"/>
    </dataSource>

    <keyStore id="NodeDefaultKeyStore" location="${NodeDefaultKeyStore_location_1}" password="${NodeDefaultKeyStore_password_1}"/>

    <keyStore id="NodeDefaultTrustStore" location="${NodeDefaultTrustStore_location_1}" password="${NodeDefaultTrustStore_password_1}"/>

    <ssl id="NodeDefaultSSLSettings" keyStoreRef="NodeDefaultKeyStore" sslProtocol="${NodeDefaultSSLSettings_sslProtocol_1}" trustStoreRef="NodeDefaultTrustStore"/>

    <sslDefault sslRef="NodeDefaultSSLSettings"/>

    
    

    <!-- The following variables, which often differ between environments, have been extracted from the migrated configuration to allow for easy substitution. -->
    <variable defaultValue="${APP_INSTALL_ROOT}/${CELL}/DefaultApplication.ear/DefaultDB" name="Default_Datasource_databaseName_1"/>
    <variable defaultValue="${WAS_INSTALL_ROOT}/derby/lib" name="DERBY_JDBC_DRIVER_PATH"/>
    <variable defaultValue="*" name="httpEndpoint_host_1"/>
    <variable defaultValue="9080" name="httpEndpoint_port_1"/>
    <variable defaultValue="9443" name="httpEndpoint_secure_port_1"/>
    <variable defaultValue="DefaultApplication_ear_StandaloneSrv1Node_NodeDefaultKeyStore_key.p12" name="NodeDefaultKeyStore_location_1"/>
    <variable defaultValue="TLS" name="NodeDefaultSSLSettings_sslProtocol_1"/>
    <variable defaultValue="DefaultApplication_ear_StandaloneSrv1Node_NodeDefaultTrustStore_trust.p12" name="NodeDefaultTrustStore_location_1"/>
<variable defaultValue="" name="NodeDefaultKeyStore_password_1"/>
<variable defaultValue="" name="NodeDefaultTrustStore_password_1"/>
</server>