{
  "productInf": [
    {
      "name": "IBM WebSphere Application Server Network Deployment",
      "id": "ND",
      "version": "8.5.5.18",
      "buildDate": "9/10/20",
      "buildLevel": "cf182036.01"
    }
  ],
  "profiles": [
    {
      "name": "StandaloneSrv1",
      "profilePath": "/usr/IBM/WAS855ND/profiles/StandaloneSrv1",
      "cellName": "StandaloneSrv1Cell",
      "applications": [
        "/usr/IBM/WAS855ND/profiles/StandaloneSrv1/config/cells/StandaloneSrv1Cell/applications/DefaultApplication.ear/DefaultApplication.ear",
        "/usr/IBM/WAS855ND/profiles/StandaloneSrv1/config/cells/StandaloneSrv1Cell/applications/modresorts.ear/modresorts.ear",
        "/usr/IBM/WAS855ND/profiles/StandaloneSrv1/config/cells/StandaloneSrv1Cell/applications/PlantsByWebSphereV8.ear/PlantsByWebSphereV8.ear",
        "/usr/IBM/WAS855ND/profiles/StandaloneSrv1/config/cells/StandaloneSrv1Cell/applications/DayTrader2-EE5.ear/DayTrader2-EE5.ear",
        "/usr/IBM/WAS855ND/profiles/StandaloneSrv1/config/cells/StandaloneSrv1Cell/applications/mydaytrader.ear/mydaytrader.ear"
      ],
      "appsInfo": [],
      "isStandalone": true,
      "webSphereVersion": "was855",
      "javaVersion": "ibm6",
      "appsFound": true,
      "serverClasspath": [],
      "webSphereVariables": [
        {
          "name": "SERVER_LOG_ROOT",
          "scope": "/usr/IBM/WAS855ND/profiles/StandaloneSrv1/config/cells/StandaloneSrv1Cell/nodes/StandaloneSrv1Node/servers/server1",
          "value": "/usr/IBM/WAS855ND/profiles/StandaloneSrv1/logs/server1"
        },
        {
          "name": "WAS_SERVER_NAME",
          "scope": "/usr/IBM/WAS855ND/profiles/StandaloneSrv1/config/cells/StandaloneSrv1Cell/nodes/StandaloneSrv1Node/servers/server1",
          "value": "server1"
        },
        {
          "name": "WAS_INSTALL_ROOT",
          "scope": "/usr/IBM/WAS855ND/profiles/StandaloneSrv1/config/cells/StandaloneSrv1Cell/nodes/StandaloneSrv1Node",
          "value": "/usr/IBM/WAS855ND"
        },
        {
          "name": "USER_INSTALL_ROOT",
          "scope": "/usr/IBM/WAS855ND/profiles/StandaloneSrv1/config/cells/StandaloneSrv1Cell/nodes/StandaloneSrv1Node",
          "value": "/usr/IBM/WAS855ND/profiles/StandaloneSrv1"
        },
        {
          "name": "WAS_LIBS_DIR",
          "scope": "/usr/IBM/WAS855ND/profiles/StandaloneSrv1/config/cells/StandaloneSrv1Cell/nodes/StandaloneSrv1Node",
          "value": "/usr/IBM/WAS855ND/lib"
        },
        {
          "name": "WAS_PROPS_DIR",
          "scope": "/usr/IBM/WAS855ND/profiles/StandaloneSrv1/config/cells/StandaloneSrv1Cell/nodes/StandaloneSrv1Node",
          "value": "/usr/IBM/WAS855ND/profiles/StandaloneSrv1/properties"
        },
        {
          "name": "WAS_TEMP_DIR",
          "scope": "/usr/IBM/WAS855ND/profiles/StandaloneSrv1/config/cells/StandaloneSrv1Cell/nodes/StandaloneSrv1Node",
          "value": "/usr/IBM/WAS855ND/profiles/StandaloneSrv1/temp"
        },
        {
          "name": "APP_INSTALL_ROOT",
          "scope": "/usr/IBM/WAS855ND/profiles/StandaloneSrv1/config/cells/StandaloneSrv1Cell/nodes/StandaloneSrv1Node",
          "value": "/usr/IBM/WAS855ND/profiles/StandaloneSrv1/installedApps"
        },
        {
          "name": "LOG_ROOT",
          "scope": "/usr/IBM/WAS855ND/profiles/StandaloneSrv1/config/cells/StandaloneSrv1Cell/nodes/StandaloneSrv1Node",
          "value": "/usr/IBM/WAS855ND/profiles/StandaloneSrv1/logs"
        },
        {
          "name": "DRIVER_PATH",
          "scope": "/usr/IBM/WAS855ND/profiles/StandaloneSrv1/config/cells/StandaloneSrv1Cell/nodes/StandaloneSrv1Node",
          "value": "/usr/IBM/WAS855ND"
        },
        {
          "name": "JAVA_HOME",
          "scope": "/usr/IBM/WAS855ND/profiles/StandaloneSrv1/config/cells/StandaloneSrv1Cell/nodes/StandaloneSrv1Node",
          "value": "/usr/IBM/WAS855ND/java"
        },
        {
          "name": "MQ_INSTALL_ROOT",
          "scope": "/usr/IBM/WAS855ND/profiles/StandaloneSrv1/config/cells/StandaloneSrv1Cell/nodes/StandaloneSrv1Node",
          "value": "/usr/IBM/WAS855ND/lib/WMQ"
        },
        {
          "name": "DEPLOY_TOOL_ROOT",
          "scope": "/usr/IBM/WAS855ND/profiles/StandaloneSrv1/config/cells/StandaloneSrv1Cell/nodes/StandaloneSrv1Node",
          "value": "/usr/IBM/WAS855ND/deploytool/itp"
        },
        {
          "name": "CONNECTOR_INSTALL_ROOT",
          "scope": "/usr/IBM/WAS855ND/profiles/StandaloneSrv1/config/cells/StandaloneSrv1Cell/nodes/StandaloneSrv1Node",
          "value": "/usr/IBM/WAS855ND/profiles/StandaloneSrv1/installedConnectors"
        },
        {
          "name": "WAS_ETC_DIR",
          "scope": "/usr/IBM/WAS855ND/profiles/StandaloneSrv1/config/cells/StandaloneSrv1Cell/nodes/StandaloneSrv1Node",
          "value": "/usr/IBM/WAS855ND/profiles/StandaloneSrv1/etc"
        },
        {
          "name": "UNIVERSAL_JDBC_DRIVER_PATH",
          "scope": "/usr/IBM/WAS855ND/profiles/StandaloneSrv1/config/cells/StandaloneSrv1Cell/nodes/StandaloneSrv1Node",
          "value": "/usr/IBM/WAS855ND/universalDriver/lib"
        },
        {
          "name": "DERBY_JDBC_DRIVER_PATH",
          "scope": "/usr/IBM/WAS855ND/profiles/StandaloneSrv1/config/cells/StandaloneSrv1Cell/nodes/StandaloneSrv1Node",
          "value": "/usr/IBM/WAS855ND/derby/lib"
        },
        {
          "name": "WAS_INSTALL_LIBRARY",
          "scope": "/usr/IBM/WAS855ND/profiles/StandaloneSrv1/config/cells/StandaloneSrv1Cell/nodes/StandaloneSrv1Node",
          "value": "$(was.install.library)"
        },
        {
          "name": "LOCALHOST_NAME",
          "scope": "/usr/IBM/WAS855ND/profiles/StandaloneSrv1/config/cells/StandaloneSrv1Cell/nodes/StandaloneSrv1Node",
          "value": "localhost"
        },
        {
          "name": "WAS_CELL_NAME",
          "scope": "/usr/IBM/WAS855ND/profiles/StandaloneSrv1/config/cells/StandaloneSrv1Cell",
          "value": "StandaloneSrv1Cell"
        },
        {
          "name": "GRID_JOBLOG_ROOT",
          "scope": "/usr/IBM/WAS855ND/profiles/StandaloneSrv1/config/cells/StandaloneSrv1Cell",
          "value": "/usr/IBM/WAS855ND/profiles/StandaloneSrv1"
        },
        {
          "name": "DERBY_JDBC_DRIVER_PATH",
          "scope": "/usr/IBM/WAS855ND/profiles/StandaloneSrv1/config/cells/StandaloneSrv1Cell",
          "value": "/usr/IBM/WAS855ND/derby/lib"
        },
        {
          "name": "GRID_ENDPOINT_DATASOURCE",
          "scope": "/usr/IBM/WAS855ND/profiles/StandaloneSrv1/config/cells/StandaloneSrv1Cell",
          "value": "jdbc/pgc"
        }
      ],
      "archive": {
        "domain": "javaAppServer",
        "archiveName": "StandaloneSrv1",
        "archiveType": "profile",
        "assessmentUnits": [
          "DefaultApplication.ear",
          "modresorts.ear",
          "PlantsByWebSphereV8.ear",
          "DayTrader2-EE5.ear",
          "mydaytrader.ear"
        ],
        "dcVersion": "3.0.0",
        "middleware": "was",
        "host": "RHEL7Guac"
      },
      "ignoreMissingBinary": false,
      "scanBinaryLocation": false,
      "hasConfig": true,
      "locale": "en",
      "assessUnitNames": [
        "DefaultApplication.ear",
        "modresorts.ear",
        "PlantsByWebSphereV8.ear",
        "DayTrader2-EE5.ear",
        "mydaytrader.ear"
      ]
    }
  ],
  "appsToScan_user": [
    ""
  ],
  "scanNodeFlag": false,
  "ignoreMissingSharedLibrary": false,
  "ignoreMissingBinary": false,
  "scanBinaryLocation": false,
  "locale": "en"
}