{
   "report": "analysis",
   "version": "1.4",
   "productVersion": "21.0.0.4",
   "productRelease": "21.0.0.4",
   "buildID": "v20211110_0002",
   "options": [
      "--sourceAppServer=was855",
      "--sourceJava=ibm6",
      "--targetAppServer=was855",
      "--targetJava=ibm8",
      "--targetCloud=containers",
      "--includeHelpLocation",
      "--maxUserDefinedRuleResults=100",
      "--userRuleLocation=/var/IBM/temp/TA_collector/transformationadvisor-3.0.0/conf/userDefinedRules",
      "--excludePackages=ch.qos,com.fasterxml,com.ibm,com.informix,com.lowagie,com.mchange,com.meterware,com.microsoft,com.sun,com.sybase,freemarker,groovy,java,javax,net,oracle,org,sqlj,sun,twitter4j,_ibmjsp"
   ],
   "totalRulesFlagged": 1,
   "filesAffected": 3,
   "totalResults": 3,
   "severitySummary": [
      {
         "severity": "Warning",
         "severityId": "warning",
         "totalRulesFlagged": 1,
         "totalResults": 3
      }
   ],
   "applications": [
      "/usr/IBM/WAS855ND/profiles/StandaloneSrv1/config/cells/StandaloneSrv1Cell/applications/modresorts.ear/modresorts.ear"
   ],
   "rules": [
      {
         "ruleName": "Handling application configuration in Docker containers",
         "ruleId": "DetectPropertiesFiles",
         "ruleHelpLocation": "/ruleinfo/appmigration/cloud/DetectPropertiesFiles.html",
         "devCost": "0",
         "instanceCost": "0",
         "severity": "Warning",
         "severityId": "warning",
         "category": "Containers (OpenShift, Kubernetes)",
         "categoryId": "appconversion.cloud.category.docker",
         "totalResults": 3,
         "results": [
            {
               "fileName": "modresorts.ear/modresorts-1.0.war/WEB-INF/lib/httpclient-4.5.5.jar/org/apache/http/client/version.properties",
               "details": [
                  {
                     "reference": null,
                     "match": "(.*)?\\.properties",
                     "lineNumber": 0
                  }
               ]
            },
            {
               "fileName": "modresorts.ear/modresorts-1.0.war/WEB-INF/lib/httpcore-4.4.9.jar/org/apache/http/version.properties",
               "details": [
                  {
                     "reference": null,
                     "match": "(.*)?\\.properties",
                     "lineNumber": 0
                  }
               ]
            },
            {
               "fileName": "modresorts.ear/modresorts-1.0.war/WEB-INF/lib/httpmime-4.5.5.jar/org/apache/http/entity/mime/version.properties",
               "details": [
                  {
                     "reference": null,
                     "match": "(.*)?\\.properties",
                     "lineNumber": 0
                  }
               ]
            }
         ]
      }
   ]
}