{
  "domain": "javaAppServer",
  "middleware": "was",
  "host": "RHEL7Guac",
  "assessmentUnitName": "modresorts.ear",
  "applicationName": "modresorts.ear",
  "dcVersion": "3.0.0",
  "collectionUnitType": "profile",
  "collectionUnitName": "StandaloneSrv1",
  "isVirtual": "false",
  "serverXml": {
    "server": {
      "description": "Configuration generated by binaryAppScanner",
      "featureManager": {
        "feature": [
          "servlet-3.1",
          "transportSecurity-1.0"
        ]
      },
      "applicationManager": {
        "autoExpand": true
      },
      "httpEndpoint": {
        "host": "${httpEndpoint_host_1}",
        "httpPort": "${httpEndpoint_port_1}",
        "httpsPort": "${httpEndpoint_secure_port_1}",
        "id": "defaultHttpEndpoint"
      },
      "webApplication": {
        "contextRoot": "/resorts",
        "location": "modresorts-1.0.war"
      },
      "keyStore": [
        {
          "id": "NodeDefaultKeyStore",
          "location": "${NodeDefaultKeyStore_location_1}",
          "password": "${NodeDefaultKeyStore_password_1}"
        },
        {
          "id": "NodeDefaultTrustStore",
          "location": "${NodeDefaultTrustStore_location_1}",
          "password": "${NodeDefaultTrustStore_password_1}"
        }
      ],
      "ssl": {
        "id": "NodeDefaultSSLSettings",
        "keyStoreRef": "NodeDefaultKeyStore",
        "sslProtocol": "${NodeDefaultSSLSettings_sslProtocol_1}",
        "trustStoreRef": "NodeDefaultTrustStore"
      },
      "sslDefault": {
        "sslRef": "NodeDefaultSSLSettings"
      },
      "variable": [
        {
          "defaultValue": "*",
          "name": "httpEndpoint_host_1"
        },
        {
          "defaultValue": 9080,
          "name": "httpEndpoint_port_1"
        },
        {
          "defaultValue": 9443,
          "name": "httpEndpoint_secure_port_1"
        },
        {
          "defaultValue": "modresorts_ear_StandaloneSrv1Node_NodeDefaultKeyStore_key.p12",
          "name": "NodeDefaultKeyStore_location_1"
        },
        {
          "defaultValue": "TLS",
          "name": "NodeDefaultSSLSettings_sslProtocol_1"
        },
        {
          "defaultValue": "modresorts_ear_StandaloneSrv1Node_NodeDefaultTrustStore_trust.p12",
          "name": "NodeDefaultTrustStore_location_1"
        },
        {
          "defaultValue": "",
          "name": "NodeDefaultKeyStore_password_1"
        },
        {
          "defaultValue": "",
          "name": "NodeDefaultTrustStore_password_1"
        }
      ]
    }
  }
}