<?xml version="1.0" encoding="UTF-8"?><server description="Configuration generated by binaryAppScanner">
    <featureManager>
        <!--The following features are available in Open Liberty.-->
        <feature>jms-2.0</feature>
        <feature>jpa-2.1</feature>
        <feature>jsp-2.3</feature>
        <feature>servlet-3.1</feature>
        <feature>transportSecurity-1.0</feature>
        <feature>wasJmsClient-2.0</feature>
        <feature>wasJmsServer-1.0</feature>
    </featureManager>

    <!-- This configuration was migrated on 23/02/22 at 08:52:18 from the following location: /usr/IBM/WAS855ND/profiles/StandaloneSrv1 -->
    <!-- The binary scanner does not support the migration of all WebSphere traditional configuration elements. Check the binary scanner documentation for the list of supported configuration elements. -->
    <applicationManager autoExpand="true"/>

    <httpEndpoint host="${httpEndpoint_host_1}" httpPort="${httpEndpoint_port_1}" httpsPort="${httpEndpoint_secure_port_1}" id="defaultHttpEndpoint"/>

    <!-- Some or all of the bindings that are migrated for this application might exist in the application archive. If so, the duplicate bindings can be removed from this server.xml file. Any binding configuration that is specified in this server.xml file takes precedence over the corresponding binding configuration in the application archive. -->
    <enterpriseApplication location="mydaytrader.ear">
        <web-ext context-root="/mydaytrader" moduleName="web"/>
        <ejb-jar-bnd moduleName="dt-ejb">
            <message-driven name="DTBroker3MDB">
                <jca-adapter activation-spec-auth-alias="TradeAdminAuthData" activation-spec-binding-name="eis/TradeBrokerMDB" destination-binding-name="jms/TradeBrokerQueue"/>
            </message-driven>
            <message-driven name="DTStreamer3MDB">
                <jca-adapter activation-spec-auth-alias="TradeAdminAuthData" activation-spec-binding-name="eis/TradeStreamerMDB" destination-binding-name="jms/TradeStreamerTopic"/>
            </message-driven>
        </ejb-jar-bnd>
    </enterpriseApplication>

    <authData id="TradeAdminAuthData" password="${TradeAdminAuthData_password_1}" user="${TradeAdminAuthData_user_1}"/>

    <authData id="TradeDataSourceAuthData" password="${TradeDataSourceAuthData_password_1}" user="${TradeDataSourceAuthData_user_1}"/>

    <jdbcDriver id="DB2_Universal_JDBC_Driver_Provider_Only_(XA)">
        <library>
            <file name="/var/IBM/db2drivers/db2drivers/db2jcc.jar"/>
            <file name="/var/IBM/db2drivers/db2drivers/db2jcc_license_cu.jar"/>
        </library>
    </jdbcDriver>

    <dataSource beginTranForResultSetScrollingAPIs="false" beginTranForVendorAPIs="false" containerAuthDataRef="TradeDataSourceAuthData" id="NoTxTradeDataSource" jdbcDriverRef="DB2_Universal_JDBC_Driver_Provider_Only_(XA)" jndiName="jdbc/NoTxTradeDataSource" recoveryAuthDataRef="TradeDataSourceAuthData" transactional="false" type="javax.sql.XADataSource">
        <properties.db2.jcc databaseName="${NoTxTradeDataSource_databaseName_1}" driverType="4" portNumber="${NoTxTradeDataSource_portNumber_1}" serverName="${NoTxTradeDataSource_serverName_1}"/>
        <connectionManager connectionTimeout="180" enableContainerAuthForDirectLookups="true" minPoolSize="10"/>
    </dataSource>

    <dataSource beginTranForResultSetScrollingAPIs="false" beginTranForVendorAPIs="false" containerAuthDataRef="TradeDataSourceAuthData" id="TradeDataSource" jdbcDriverRef="DB2_Universal_JDBC_Driver_Provider_Only_(XA)" jndiName="jdbc/TradeDataSource" recoveryAuthDataRef="TradeDataSourceAuthData" statementCacheSize="60" type="javax.sql.XADataSource">
        <properties.db2.jcc databaseName="${TradeDataSource_databaseName_1}" driverType="4" portNumber="${TradeDataSource_portNumber_1}" serverName="${TradeDataSource_serverName_1}"/>
        <connectionManager connectionTimeout="180" enableContainerAuthForDirectLookups="true" minPoolSize="10"/>
    </dataSource>

    <jmsQueueConnectionFactory containerAuthDataRef="TradeAdminAuthData" id="TradeBrokerQCF" jndiName="jms/TradeBrokerQCF">
        <properties.wasJms/>
        <connectionManager connectionTimeout="180" enableContainerAuthForDirectLookups="true" maxPoolSize="10" minPoolSize="1"/>
    </jmsQueueConnectionFactory>

    <jmsTopicConnectionFactory containerAuthDataRef="TradeAdminAuthData" id="TradeStreamerTCF" jndiName="jms/TradeStreamerTCF">
        <properties.wasJms/>
        <connectionManager connectionTimeout="180" enableContainerAuthForDirectLookups="true" maxPoolSize="10" minPoolSize="1"/>
    </jmsTopicConnectionFactory>

    <messagingEngine>
        <queue id="TradeBrokerJSD"/>
        <topicSpace id="Trade.Topic.Space"/>
    </messagingEngine>

    <jmsQueue id="TradeBrokerQueue" jndiName="jms/TradeBrokerQueue">
        <properties.wasJms deliveryMode="NonPersistent" queueName="${TradeBrokerQueue_QueueName_1}"/>
    </jmsQueue>

    <jmsTopic id="TradeStreamerTopic" jndiName="jms/TradeStreamerTopic">
        <properties.wasJms deliveryMode="NonPersistent" topicName="TradeStreamerTopic" topicSpace="Trade.Topic.Space"/>
    </jmsTopic>

    <jmsActivationSpec authDataRef="TradeAdminAuthData" id="eis/TradeBrokerMDB">
        <properties.wasJms destinationRef="TradeBrokerQueue" destinationType="javax.jms.Queue"/>
    </jmsActivationSpec>

    <jmsActivationSpec authDataRef="TradeAdminAuthData" id="eis/TradeStreamerMDB">
        <properties.wasJms destinationRef="TradeStreamerTopic" destinationType="javax.jms.Topic"/>
    </jmsActivationSpec>

    <keyStore id="NodeDefaultKeyStore" location="${NodeDefaultKeyStore_location_1}" password="${NodeDefaultKeyStore_password_1}"/>

    <keyStore id="NodeDefaultTrustStore" location="${NodeDefaultTrustStore_location_1}" password="${NodeDefaultTrustStore_password_1}"/>

    <ssl id="NodeDefaultSSLSettings" keyStoreRef="NodeDefaultKeyStore" sslProtocol="${NodeDefaultSSLSettings_sslProtocol_1}" trustStoreRef="NodeDefaultTrustStore"/>

    <sslDefault sslRef="NodeDefaultSSLSettings"/>

    
    

    <!-- The following variables, which often differ between environments, have been extracted from the migrated configuration to allow for easy substitution. -->
    <variable defaultValue="*" name="httpEndpoint_host_1"/>
    <variable defaultValue="9080" name="httpEndpoint_port_1"/>
    <variable defaultValue="9443" name="httpEndpoint_secure_port_1"/>
    <variable defaultValue="mydaytrader_ear_StandaloneSrv1Node_NodeDefaultKeyStore_key.p12" name="NodeDefaultKeyStore_location_1"/>
    <variable defaultValue="TLS" name="NodeDefaultSSLSettings_sslProtocol_1"/>
    <variable defaultValue="mydaytrader_ear_StandaloneSrv1Node_NodeDefaultTrustStore_trust.p12" name="NodeDefaultTrustStore_location_1"/>
    <variable defaultValue="tradedb" name="NoTxTradeDataSource_databaseName_1"/>
    <variable defaultValue="50002" name="NoTxTradeDataSource_portNumber_1"/>
    <variable defaultValue="ibmdemo-db2" name="NoTxTradeDataSource_serverName_1"/>
    <variable defaultValue="TradeBrokerJSD" name="TradeBrokerQueue_QueueName_1"/>
    <variable defaultValue="tradedb" name="TradeDataSource_databaseName_1"/>
    <variable defaultValue="50002" name="TradeDataSource_portNumber_1"/>
    <variable defaultValue="ibmdemo-db2" name="TradeDataSource_serverName_1"/>
<variable defaultValue="" name="NodeDefaultKeyStore_password_1"/>
<variable defaultValue="" name="NodeDefaultTrustStore_password_1"/>
<variable defaultValue="" name="TradeAdminAuthData_password_1"/>
<variable defaultValue="" name="TradeAdminAuthData_user_1"/>
<variable defaultValue="" name="TradeDataSourceAuthData_password_1"/>
<variable defaultValue="" name="TradeDataSourceAuthData_user_1"/>
</server>