{
   "report": "analysis",
   "version": "1.4",
   "productVersion": "21.0.0.4",
   "productRelease": "21.0.0.4",
   "buildID": "v20211110_0002",
   "options": [
      "--sourceAppServer=was855",
      "--sourceJava=ibm6",
      "--sourceJavaEE=ee6",
      "--targetAppServer=liberty",
      "--targetJava=ibm8",
      "--targetCloud=containers",
      "--includeHelpLocation",
      "--maxUserDefinedRuleResults=100",
      "--userRuleLocation=/var/IBM/temp/TA_collector/transformationadvisor-3.0.0/conf/userDefinedRules",
      "--excludePackages=ch.qos,com.fasterxml,com.ibm,com.informix,com.lowagie,com.mchange,com.meterware,com.microsoft,com.sun,com.sybase,freemarker,groovy,java,javax,net,oracle,org,sqlj,sun,twitter4j,_ibmjsp"
   ],
   "totalRulesFlagged": 8,
   "filesAffected": 15,
   "totalResults": 18,
   "severitySummary": [
      {
         "severity": "Severe",
         "severityId": "severe",
         "totalRulesFlagged": 1,
         "totalResults": 6
      },
      {
         "severity": "Warning",
         "severityId": "warning",
         "totalRulesFlagged": 6,
         "totalResults": 10
      },
      {
         "severity": "Information",
         "severityId": "info",
         "totalRulesFlagged": 1,
         "totalResults": 2
      }
   ],
   "applications": [
      "/usr/IBM/WAS855ND/profiles/StandaloneSrv1/config/cells/StandaloneSrv1Cell/applications/mydaytrader.ear/mydaytrader.ear"
   ],
   "rules": [
      {
         "ruleName": "Behavior change on lookups for Enterprise JavaBeans in previous versions of Liberty",
         "ruleId": "EJBNamingLookupRule",
         "ruleHelpLocation": "/ruleinfo/appconversion/was2liberty/EJBNamingLookupRule.html",
         "devCost": "0",
         "instanceCost": "0",
         "severity": "Information",
         "severityId": "info",
         "category": "WebSphere traditional to Liberty",
         "categoryId": "appconversion.was2liberty.category",
         "totalResults": 2,
         "results": [
            {
               "fileName": "mydaytrader.ear/web.war/WEB-INF/ibm-web-bnd.xml",
               "details": [
                  {
                     "reference": null,
                     "match": "ejb-ref.binding-name=org.apache.geronimo.samples.daytrader.ejb3.DirectSLSBRemote",
                     "lineNumber": 6
                  },
                  {
                     "reference": null,
                     "match": "ejb-ref.binding-name=org.apache.geronimo.samples.daytrader.ejb3.TradeSLSBRemote",
                     "lineNumber": 5
                  }
               ]
            }
         ]
      },
      {
         "ruleName": "Databases",
         "ruleId": "DatabasesSQLRule",
         "ruleHelpLocation": "/ruleinfo/appmigration/cloud/Databases.html",
         "devCost": "0",
         "instanceCost": "0",
         "severity": "Warning",
         "severityId": "warning",
         "category": "Technology connectivity considerations for IBM Cloud",
         "categoryId": "appconversion.cloud.category.technology.connectivity",
         "totalResults": 2,
         "results": [
            {
               "fileName": "mydaytrader.ear/dt-ejb.jar/META-INF/persistence.xml",
               "details": [
                  {
                     "reference": null,
                     "match": "jta-data-source=jdbc/TradeDataSource",
                     "lineNumber": 22
                  }
               ]
            },
            {
               "fileName": "mydaytrader.ear/web.war/WEB-INF/web.xml",
               "details": [
                  {
                     "reference": null,
                     "match": "res-type=javax.sql.DataSource",
                     "lineNumber": 412
                  }
               ]
            }
         ]
      },
      {
         "ruleName": "Handling application configuration in Docker containers",
         "ruleId": "DetectPropertiesFiles",
         "ruleHelpLocation": "/ruleinfo/appmigration/cloud/DetectPropertiesFiles.html",
         "devCost": "0",
         "instanceCost": "0",
         "severity": "Warning",
         "severityId": "warning",
         "category": "Containers (OpenShift, Kubernetes)",
         "categoryId": "appconversion.cloud.category.docker",
         "totalResults": 3,
         "results": [
            {
               "fileName": "mydaytrader.ear/web.war/WEB-INF/classes/build.properties",
               "details": [
                  {
                     "reference": null,
                     "match": "(.*)?\\.properties",
                     "lineNumber": 0
                  }
               ]
            },
            {
               "fileName": "mydaytrader.ear/web.war/WEB-INF/lib/standard-1.1.1.jar/org/apache/taglibs/standard/lang/jstl/Resources.properties",
               "details": [
                  {
                     "reference": null,
                     "match": "(.*)?\\.properties",
                     "lineNumber": 0
                  }
               ]
            },
            {
               "fileName": "mydaytrader.ear/web.war/WEB-INF/lib/standard-1.1.1.jar/org/apache/taglibs/standard/resources/Resources.properties",
               "details": [
                  {
                     "reference": null,
                     "match": "(.*)?\\.properties",
                     "lineNumber": 0
                  }
               ]
            }
         ]
      },
      {
         "ruleName": "Java API for XML-based RPC (JAX-RPC) is unavailable",
         "ruleId": "DetectJAXRPC",
         "ruleHelpLocation": "/help/java/DetectJAXRPC.html",
         "devCost": "5",
         "instanceCost": "0",
         "severity": "Severe",
         "severityId": "severe",
         "category": "Java Technology Support for Liberty",
         "categoryId": "com.ibm.rrd.liberty.rules.liberty.profile.technology.ruleset",
         "totalResults": 6,
         "results": [
            {
               "fileName": "mydaytrader.ear/mydaytrader-wsappclient.jar/META-INF/ibm-webservicesclient-bnd.xmi",
               "details": [
                  {
                     "reference": null,
                     "match": ".*/ibm-webservices(client)?-(ext|bnd)\\.xmi$",
                     "lineNumber": 0
                  }
               ]
            },
            {
               "fileName": "mydaytrader.ear/mydaytrader-wsappclient.jar/META-INF/ibm-webservicesclient-ext.xmi",
               "details": [
                  {
                     "reference": null,
                     "match": ".*/ibm-webservices(client)?-(ext|bnd)\\.xmi$",
                     "lineNumber": 0
                  }
               ]
            },
            {
               "fileName": "mydaytrader.ear/web.war/WEB-INF/ibm-webservices-bnd.xmi",
               "details": [
                  {
                     "reference": null,
                     "match": ".*/ibm-webservices(client)?-(ext|bnd)\\.xmi$",
                     "lineNumber": 0
                  }
               ]
            },
            {
               "fileName": "mydaytrader.ear/web.war/WEB-INF/ibm-webservices-ext.xmi",
               "details": [
                  {
                     "reference": null,
                     "match": ".*/ibm-webservices(client)?-(ext|bnd)\\.xmi$",
                     "lineNumber": 0
                  }
               ]
            },
            {
               "fileName": "mydaytrader.ear/web.war/WEB-INF/ibm-webservicesclient-bnd.xmi",
               "details": [
                  {
                     "reference": null,
                     "match": ".*/ibm-webservices(client)?-(ext|bnd)\\.xmi$",
                     "lineNumber": 0
                  }
               ]
            },
            {
               "fileName": "mydaytrader.ear/web.war/WEB-INF/ibm-webservicesclient-ext.xmi",
               "details": [
                  {
                     "reference": null,
                     "match": ".*/ibm-webservices(client)?-(ext|bnd)\\.xmi$",
                     "lineNumber": 0
                  }
               ]
            }
         ]
      },
      {
         "ruleName": "Java Message Service (JMS)",
         "ruleId": "JMSRule",
         "ruleHelpLocation": "/ruleinfo/appmigration/cloud/JMS.html",
         "devCost": "0",
         "instanceCost": "0",
         "severity": "Warning",
         "severityId": "warning",
         "category": "Technology connectivity considerations for IBM Cloud (not Liberty Core)",
         "categoryId": "appconversion.cloud.category.technology.connectivity.noLibertyCore",
         "totalResults": 1,
         "results": [
            {
               "fileName": "mydaytrader.ear/web.war/WEB-INF/web.xml",
               "details": [
                  {
                     "reference": null,
                     "match": "res-type=javax.jms.QueueConnectionFactory",
                     "lineNumber": 418
                  }
               ]
            }
         ]
      },
      {
         "ruleName": "Remote EJB lookups",
         "ruleId": "RemoteEJBLookupsRule",
         "ruleHelpLocation": "/ruleinfo/appmigration/cloud/RemoteEJBLookups.html",
         "devCost": "0",
         "instanceCost": "0",
         "severity": "Warning",
         "severityId": "warning",
         "category": "Technology connectivity considerations for IBM Cloud (not Liberty Core)",
         "categoryId": "appconversion.cloud.category.technology.connectivity.noLibertyCore",
         "totalResults": 1,
         "results": [
            {
               "fileName": "mydaytrader.ear/web.war/WEB-INF/web.xml",
               "details": [
                  {
                     "reference": null,
                     "match": "home",
                     "lineNumber": 432
                  }
               ]
            }
         ]
      },
      {
         "ruleName": "Remote web services",
         "ruleId": "RemoteWebServicesRule",
         "ruleHelpLocation": "/ruleinfo/appmigration/cloud/RemoteWebServices.html",
         "devCost": "0",
         "instanceCost": "0",
         "severity": "Warning",
         "severityId": "warning",
         "category": "Technology connectivity considerations for IBM Cloud",
         "categoryId": "appconversion.cloud.category.technology.connectivity",
         "totalResults": 1,
         "results": [
            {
               "fileName": "mydaytrader.ear/mydaytrader-wsappclient.jar/META-INF/application-client.xml",
               "details": [
                  {
                     "reference": null,
                     "match": "service-ref",
                     "lineNumber": 22
                  }
               ]
            }
         ]
      },
      {
         "ruleName": "Validate the URL host and port for cloud access",
         "ruleId": "URLRuleDockerCloud",
         "ruleHelpLocation": "/ruleinfo/appmigration/cloud/UrlRule.html",
         "devCost": "0",
         "instanceCost": "0",
         "severity": "Warning",
         "severityId": "warning",
         "category": "Connectivity considerations for IBM Cloud (Containers and Virtual machines)",
         "categoryId": "appconversion.cloud.category.connectivity.dockerAndWASOnCloud",
         "totalResults": 2,
         "results": [
            {
               "fileName": "mydaytrader.ear/mydaytrader-wsappclient.jar",
               "details": [
                  {
                     "reference": "1",
                     "match": "address.location=http://localhost:8080/daytrader/services/TradeWSServices",
                     "lineNumber": 0
                  }
               ]
            },
            {
               "fileName": "mydaytrader.ear/web.war",
               "details": [
                  {
                     "reference": "1",
                     "match": "address.location=http://localhost:8080/daytrader/services/TradeWSServices",
                     "lineNumber": 0
                  }
               ]
            }
         ]
      }
   ]
}