<?xml version="1.0" encoding="UTF-8"?><server description="Configuration generated by binaryAppScanner">
    <featureManager>
        <!--The following features are available in Open Liberty.-->
        <feature>appSecurity-2.0</feature>
        <feature>beanValidation-1.1</feature>
        <feature>cdi-1.2</feature>
        <feature>ejbLite-3.2</feature>
        <feature>el-3.0</feature>
        <feature>javaMail-1.5</feature>
        <feature>jndi-1.0</feature>
        <feature>jpa-2.1</feature>
        <feature>jsf-2.2</feature>
        <feature>jsp-2.3</feature>
        <feature>servlet-3.1</feature>
    </featureManager>

    <!-- This configuration was migrated on 23/02/22 at 08:51:17 from the following location: /usr/IBM/WAS855ND/profiles/StandaloneSrv1 -->
    <!-- The binary scanner does not support the migration of all WebSphere traditional configuration elements. Check the binary scanner documentation for the list of supported configuration elements. -->
    <!-- The following WebSphere traditional variables are used by the configuration but were not migrated: [WAS_INSTALL_ROOT]. Remove these variables from the configuration or provide each one with an appropriate definition. -->
    <applicationManager autoExpand="true"/>

    <httpEndpoint host="${httpEndpoint_host_1}" httpPort="${httpEndpoint_port_1}" httpsPort="${httpEndpoint_secure_port_1}" id="defaultHttpEndpoint"/>

    <enterpriseApplication location="PlantsByWebSphereV8.ear"/>

    <jdbcDriver id="Derby_JDBC_Provider_(XA)_-_PbW">
        <library>
            <file name="${DERBY_JDBC_DRIVER_PATH}/derby.jar"/>
        </library>
    </jdbcDriver>

    <dataSource beginTranForResultSetScrollingAPIs="false" beginTranForVendorAPIs="false" id="PBW XA DataSource" jdbcDriverRef="Derby_JDBC_Provider_(XA)_-_PbW" jndiName="jdbc/PlantsByWebSphereDataSource" type="javax.sql.XADataSource">
        <properties.derby.embedded databaseName="${PBW_XA_DataSource_databaseName_1}"/>
        <connectionManager connectionTimeout="180" maxPoolSize="10"/>
    </dataSource>

    <dataSource beginTranForResultSetScrollingAPIs="false" beginTranForVendorAPIs="false" id="PBW non-JTA DataSource" jdbcDriverRef="Derby_JDBC_Provider_(XA)_-_PbW" jndiName="jdbc/PlantsByWebSphereDataSourceNONJTA" type="javax.sql.XADataSource">
        <properties.derby.embedded databaseName="${PBW_non_JTA_DataSource_databaseName_1}"/>
        <connectionManager connectionTimeout="180" maxPoolSize="10"/>
    </dataSource>

    <keyStore id="NodeDefaultKeyStore" location="${NodeDefaultKeyStore_location_1}" password="${NodeDefaultKeyStore_password_1}"/>

    <keyStore id="NodeDefaultTrustStore" location="${NodeDefaultTrustStore_location_1}" password="${NodeDefaultTrustStore_password_1}"/>

    <ssl id="NodeDefaultSSLSettings" keyStoreRef="NodeDefaultKeyStore" sslProtocol="${NodeDefaultSSLSettings_sslProtocol_1}" trustStoreRef="NodeDefaultTrustStore"/>

    <sslDefault sslRef="NodeDefaultSSLSettings"/>

    
    

    <!-- The following variables, which often differ between environments, have been extracted from the migrated configuration to allow for easy substitution. -->
    <variable defaultValue="${WAS_INSTALL_ROOT}/derby/lib" name="DERBY_JDBC_DRIVER_PATH"/>
    <variable defaultValue="*" name="httpEndpoint_host_1"/>
    <variable defaultValue="9080" name="httpEndpoint_port_1"/>
    <variable defaultValue="9443" name="httpEndpoint_secure_port_1"/>
    <variable defaultValue="PlantsByWebSphereV8_ear_StandaloneSrv1Node_NodeDefaultKeyStore_key.p12" name="NodeDefaultKeyStore_location_1"/>
    <variable defaultValue="TLS" name="NodeDefaultSSLSettings_sslProtocol_1"/>
    <variable defaultValue="PlantsByWebSphereV8_ear_StandaloneSrv1Node_NodeDefaultTrustStore_trust.p12" name="NodeDefaultTrustStore_location_1"/>
    <variable defaultValue="${/var/IBM/derbyDBs/PLANTSDB" name="PBW_non_JTA_DataSource_databaseName_1"/>
    <variable defaultValue="/var/IBM/derbyDBs/PLANTSDB" name="PBW_XA_DataSource_databaseName_1"/>
<variable defaultValue="" name="NodeDefaultKeyStore_password_1"/>
<variable defaultValue="" name="NodeDefaultTrustStore_password_1"/>
</server>