{
  "domain": "javaAppServer",
  "middleware": "was",
  "host": "RHEL7Guac",
  "assessmentUnitName": "PlantsByWebSphereV8.ear",
  "applicationName": "PlantsByWebSphereV8.ear",
  "dcVersion": "3.0.0",
  "collectionUnitType": "profile",
  "collectionUnitName": "StandaloneSrv1",
  "isVirtual": "false",
  "rawDependencies": [
    {
      "domain": "database",
      "middleware": "derby",
      "assessmentUnitName": "${PBW_XA_DataSource_databaseName_1}",
      "applicationName": "${PBW_XA_DataSource_databaseName_1}",
      "collectionUnitType": "instance",
      "isVirtual": "false",
      "identifier": {
        "databaseName": "${PBW_XA_DataSource_databaseName_1}"
      }
    },
    {
      "domain": "database",
      "middleware": "derby",
      "assessmentUnitName": "${PBW_non_JTA_DataSource_databaseName_1}",
      "applicationName": "${PBW_non_JTA_DataSource_databaseName_1}",
      "collectionUnitType": "instance",
      "isVirtual": "false",
      "identifier": {
        "databaseName": "${PBW_non_JTA_DataSource_databaseName_1}"
      }
    }
  ],
  "serverXml": {
    "server": {
      "description": "Configuration generated by binaryAppScanner",
      "featureManager": {
        "feature": [
          "appSecurity-2.0",
          "beanValidation-1.1",
          "cdi-1.2",
          "ejbLite-3.2",
          "el-3.0",
          "javaMail-1.5",
          "jndi-1.0",
          "jpa-2.1",
          "jsf-2.2",
          "jsp-2.3",
          "servlet-3.1"
        ]
      },
      "applicationManager": {
        "autoExpand": true
      },
      "httpEndpoint": {
        "host": "${httpEndpoint_host_1}",
        "httpPort": "${httpEndpoint_port_1}",
        "httpsPort": "${httpEndpoint_secure_port_1}",
        "id": "defaultHttpEndpoint"
      },
      "enterpriseApplication": {
        "location": "PlantsByWebSphereV8.ear"
      },
      "jdbcDriver": {
        "id": "Derby_JDBC_Provider_(XA)_-_PbW",
        "library": {
          "file": {
            "name": "${DERBY_JDBC_DRIVER_PATH}/derby.jar"
          }
        }
      },
      "dataSource": [
        {
          "beginTranForResultSetScrollingAPIs": false,
          "beginTranForVendorAPIs": false,
          "id": "PBW XA DataSource",
          "jdbcDriverRef": "Derby_JDBC_Provider_(XA)_-_PbW",
          "jndiName": "jdbc/PlantsByWebSphereDataSource",
          "type": "javax.sql.XADataSource",
          "properties.derby.embedded": {
            "databaseName": "${PBW_XA_DataSource_databaseName_1}"
          },
          "connectionManager": {
            "connectionTimeout": 180,
            "maxPoolSize": 10
          }
        },
        {
          "beginTranForResultSetScrollingAPIs": false,
          "beginTranForVendorAPIs": false,
          "id": "PBW non-JTA DataSource",
          "jdbcDriverRef": "Derby_JDBC_Provider_(XA)_-_PbW",
          "jndiName": "jdbc/PlantsByWebSphereDataSourceNONJTA",
          "type": "javax.sql.XADataSource",
          "properties.derby.embedded": {
            "databaseName": "${PBW_non_JTA_DataSource_databaseName_1}"
          },
          "connectionManager": {
            "connectionTimeout": 180,
            "maxPoolSize": 10
          }
        }
      ],
      "keyStore": [
        {
          "id": "NodeDefaultKeyStore",
          "location": "${NodeDefaultKeyStore_location_1}",
          "password": "${NodeDefaultKeyStore_password_1}"
        },
        {
          "id": "NodeDefaultTrustStore",
          "location": "${NodeDefaultTrustStore_location_1}",
          "password": "${NodeDefaultTrustStore_password_1}"
        }
      ],
      "ssl": {
        "id": "NodeDefaultSSLSettings",
        "keyStoreRef": "NodeDefaultKeyStore",
        "sslProtocol": "${NodeDefaultSSLSettings_sslProtocol_1}",
        "trustStoreRef": "NodeDefaultTrustStore"
      },
      "sslDefault": {
        "sslRef": "NodeDefaultSSLSettings"
      },
      "variable": [
        {
          "defaultValue": "${WAS_INSTALL_ROOT}/derby/lib",
          "name": "DERBY_JDBC_DRIVER_PATH"
        },
        {
          "defaultValue": "*",
          "name": "httpEndpoint_host_1"
        },
        {
          "defaultValue": 9080,
          "name": "httpEndpoint_port_1"
        },
        {
          "defaultValue": 9443,
          "name": "httpEndpoint_secure_port_1"
        },
        {
          "defaultValue": "PlantsByWebSphereV8_ear_StandaloneSrv1Node_NodeDefaultKeyStore_key.p12",
          "name": "NodeDefaultKeyStore_location_1"
        },
        {
          "defaultValue": "TLS",
          "name": "NodeDefaultSSLSettings_sslProtocol_1"
        },
        {
          "defaultValue": "PlantsByWebSphereV8_ear_StandaloneSrv1Node_NodeDefaultTrustStore_trust.p12",
          "name": "NodeDefaultTrustStore_location_1"
        },
        {
          "defaultValue": "${/var/IBM/derbyDBs/PLANTSDB",
          "name": "PBW_non_JTA_DataSource_databaseName_1"
        },
        {
          "defaultValue": "/var/IBM/derbyDBs/PLANTSDB",
          "name": "PBW_XA_DataSource_databaseName_1"
        },
        {
          "defaultValue": "",
          "name": "NodeDefaultKeyStore_password_1"
        },
        {
          "defaultValue": "",
          "name": "NodeDefaultTrustStore_password_1"
        }
      ]
    }
  }
}