{
   "report": "analysis",
   "version": "1.4",
   "productVersion": "21.0.0.4",
   "productRelease": "21.0.0.4",
   "buildID": "v20211110_0002",
   "options": [
      "--sourceAppServer=was855",
      "--sourceJava=ibm6",
      "--targetAppServer=was855",
      "--targetJava=ibm8",
      "--targetCloud=containers",
      "--includeHelpLocation",
      "--maxUserDefinedRuleResults=100",
      "--userRuleLocation=/var/IBM/temp/TA_collector/transformationadvisor-3.0.0/conf/userDefinedRules",
      "--excludePackages=ch.qos,com.fasterxml,com.ibm,com.informix,com.lowagie,com.mchange,com.meterware,com.microsoft,com.sun,com.sybase,freemarker,groovy,java,javax,net,oracle,org,sqlj,sun,twitter4j,_ibmjsp"
   ],
   "totalRulesFlagged": 5,
   "filesAffected": 4,
   "totalResults": 6,
   "severitySummary": [
      {
         "severity": "Warning",
         "severityId": "warning",
         "totalRulesFlagged": 4,
         "totalResults": 4
      },
      {
         "severity": "Information",
         "severityId": "info",
         "totalRulesFlagged": 1,
         "totalResults": 2
      }
   ],
   "applications": [
      "/usr/IBM/WAS855ND/profiles/StandaloneSrv1/config/cells/StandaloneSrv1Cell/applications/PlantsByWebSphereV8.ear/PlantsByWebSphereV8.ear"
   ],
   "rules": [
      {
         "ruleName": "Behavior change in rounding in NumberFormat and DecimalFormat format methods",
         "ruleId": "NumberFormatRounding",
         "ruleHelpLocation": "/ruleinfo/appconversion/jre/180/JRE8NumberFormatRounding.html",
         "devCost": "0",
         "instanceCost": "0",
         "severity": "Information",
         "severityId": "info",
         "category": "Java SE version migration / Java SE 8 compatibility impacts",
         "categoryId": "appconversion.jre.category / appconversion.jre.180.category",
         "totalResults": 2,
         "results": [
            {
               "fileName": "PlantsByWebSphereV8.ear/PlantsByWebSphere.war/WEB-INF/classes/com/ibm/websphere/samples/pbw/war/ShoppingBean.class",
               "details": [
                  {
                     "reference": "Method getShippingCostString",
                     "match": "java.text.NumberFormat.format(double)",
                     "lineNumber": 155
                  },
                  {
                     "reference": "Method getTotalCostString",
                     "match": "java.text.NumberFormat.format(double)",
                     "lineNumber": 175
                  }
               ]
            }
         ]
      },
      {
         "ruleName": "Databases",
         "ruleId": "JavaxPersistenceRule",
         "ruleHelpLocation": "/ruleinfo/appmigration/cloud/Databases.html",
         "devCost": "0",
         "instanceCost": "0",
         "severity": "Warning",
         "severityId": "warning",
         "category": "Technology connectivity considerations for IBM Cloud",
         "categoryId": "appconversion.cloud.category.technology.connectivity",
         "totalResults": 1,
         "results": [
            {
               "fileName": "PlantsByWebSphereV8.ear/PlantsByWebSphere.war/WEB-INF/classes/com/ibm/websphere/samples/pbw/ejb/BackOrderMgr.class",
               "details": [
                  {
                     "reference": "Field annotation em",
                     "match": "javax.persistence",
                     "lineNumber": 0
                  }
               ]
            }
         ],
         "referencedClasses": [
            {
               "class": "javax.persistence.Column",
               "total": 2
            },
            {
               "class": "javax.persistence.Embeddable",
               "total": 1
            },
            {
               "class": "javax.persistence.EmbeddedId",
               "total": 1
            },
            {
               "class": "javax.persistence.Entity",
               "total": 6
            },
            {
               "class": "javax.persistence.EntityManager",
               "total": 107
            },
            {
               "class": "javax.persistence.GeneratedValue",
               "total": 2
            },
            {
               "class": "javax.persistence.GenerationType",
               "total": 2
            },
            {
               "class": "javax.persistence.Id",
               "total": 5
            },
            {
               "class": "javax.persistence.JoinColumn",
               "total": 4
            },
            {
               "class": "javax.persistence.LockModeType",
               "total": 9
            },
            {
               "class": "javax.persistence.ManyToOne",
               "total": 3
            },
            {
               "class": "javax.persistence.NamedQueries",
               "total": 6
            },
            {
               "class": "javax.persistence.NamedQuery",
               "total": 11
            },
            {
               "class": "javax.persistence.NoResultException",
               "total": 2
            },
            {
               "class": "javax.persistence.OneToOne",
               "total": 1
            },
            {
               "class": "javax.persistence.PersistenceContext",
               "total": 7
            },
            {
               "class": "javax.persistence.Query",
               "total": 29
            },
            {
               "class": "javax.persistence.Table",
               "total": 6
            },
            {
               "class": "javax.persistence.TableGenerator",
               "total": 2
            },
            {
               "class": "javax.persistence.Transient",
               "total": 1
            }
         ]
      },
      {
         "ruleName": "Handling application configuration in Docker containers",
         "ruleId": "DetectPropertiesFiles",
         "ruleHelpLocation": "/ruleinfo/appmigration/cloud/DetectPropertiesFiles.html",
         "devCost": "0",
         "instanceCost": "0",
         "severity": "Warning",
         "severityId": "warning",
         "category": "Containers (OpenShift, Kubernetes)",
         "categoryId": "appconversion.cloud.category.docker",
         "totalResults": 1,
         "results": [
            {
               "fileName": "PlantsByWebSphereV8.ear/lib/pbw-lib.jar/pbw.properties",
               "details": [
                  {
                     "reference": null,
                     "match": "(.*)?\\.properties",
                     "lineNumber": 0
                  }
               ]
            }
         ]
      },
      {
         "ruleName": "Java EE security",
         "ruleId": "ApplicationSecurityRule",
         "ruleHelpLocation": "/ruleinfo/appmigration/cloud/ApplicationSecurity.html",
         "devCost": "0",
         "instanceCost": "0",
         "severity": "Warning",
         "severityId": "warning",
         "category": "Technology connectivity considerations for IBM Cloud",
         "categoryId": "appconversion.cloud.category.technology.connectivity",
         "totalResults": 1,
         "results": [
            {
               "fileName": "PlantsByWebSphereV8.ear/PlantsByWebSphere.war/WEB-INF/classes/com/ibm/websphere/samples/pbw/ejb/BackOrderMgr.class",
               "details": [
                  {
                     "reference": "Class annotation",
                     "match": "javax.annotation.security.RolesAllowed",
                     "lineNumber": 0
                  }
               ]
            }
         ]
      },
      {
         "ruleName": "JavaMail server",
         "ruleId": "MailServerRule",
         "ruleHelpLocation": "/ruleinfo/appmigration/cloud/MailServer.html",
         "devCost": "0",
         "instanceCost": "0",
         "severity": "Warning",
         "severityId": "warning",
         "category": "Technology connectivity considerations for IBM Cloud",
         "categoryId": "appconversion.cloud.category.technology.connectivity",
         "totalResults": 1,
         "results": [
            {
               "fileName": "PlantsByWebSphereV8.ear/PlantsByWebSphere.war/WEB-INF/classes/com/ibm/websphere/samples/pbw/ejb/MailerBean.class",
               "details": [
                  {
                     "reference": "Field mailSession",
                     "match": "javax.mail",
                     "lineNumber": 0
                  }
               ]
            }
         ],
         "referencedClasses": [
            {
               "class": "javax.mail.Address",
               "total": 1
            },
            {
               "class": "javax.mail.BodyPart",
               "total": 1
            },
            {
               "class": "javax.mail.Message",
               "total": 1
            },
            {
               "class": "javax.mail.Message$RecipientType",
               "total": 3
            },
            {
               "class": "javax.mail.Multipart",
               "total": 3
            },
            {
               "class": "javax.mail.Session",
               "total": 3
            },
            {
               "class": "javax.mail.Transport",
               "total": 1
            },
            {
               "class": "javax.mail.internet.InternetAddress",
               "total": 2
            },
            {
               "class": "javax.mail.internet.MimeBodyPart",
               "total": 4
            },
            {
               "class": "javax.mail.internet.MimeMessage",
               "total": 9
            },
            {
               "class": "javax.mail.internet.MimeMultipart",
               "total": 2
            }
         ]
      }
   ]
}